"Title";"orig_number";"price";"ostatok"
"болт";"01125-S218E";310;3
"клип";"01553-08541";62;9
"клип";"01553-09241";93;8
"клип";"01553-95F1H";62;9
"клипса";"01658-02091";124;4
"болт";"08024-6851A";372;2
"лампа фара прямоуг 160 Е24 D21";"100-1102";744;2
"лампа фара круглая 160 Е24 Y60";"100-1103";744;1
"комплект прокладок CD17";"10101-16A25_неориг";2170;1
"комплект прокладок L20";"10101-23L26_неориг";1736;1
"комплект прокладок CD20";"10101-74N28_неориг";4340;1
"комплект прокладок GA14S";"10101-87A25_неориг";1860;1
"комплект прокладок GA16S";"10101-88A25_неориг";2356;1
"комплект прокладок QG18";"10101-8M025_неориг";3720;1
"Комплект прокладок P40";"10101-C6025_неориг";2790;1
"шайба";"11026-61000";136;2
"прокладка головки блока VG33";"11044-0W000";2232;2
"прокладка головки блока QG15DE";"11044-4M500_неориг";1860;1
"прокладка головки";"11044-7J500";4278;1
"прокладка головки блока QG16 B10RS";"11044-8M010";1550;1
"прокладка головки блока P12E QG16";"11044-AU000";3100;1
"прокладка головки блока CR14DE";"11044-BX005";4030;1
"прокладка головки блока LD28";"11044-W2500_неориг";930;1
"прокладка передней крышки";"11049-53Y00";248;1
"болт";"11056-4M500";279;10
"болт";"11056-AR002";248;20
"прокладка";"11062-6N20A";186;2
"прокладка";"11062-AD20B";124;2
"прокладка";"11062-AL501";124;4
"прокладка";"11062-ED000";124;2
"свеча накаливания";"11065-31N00";2170;4
"свеча накаливания SD22";"11065-T3470_неориг";744;6
"поддон";"11110-6N211";2604;1
"поддон";"11110-77A12";3720;2
"прокладка";"11121-31U10";365;2
"прокладка";"11121-VB301";1984;1
"пробка сливная";"11128-01M05";155;3
"поддон";"11140-6N200";620;1
"щуп";"11140-95F0A";806;1
"подушка двигателя";"11210-95F0A";2170;2
"подушка двигателя";"11210-JD21B";8060;1
"подушка двигателя";"11220-4M412";2728;2
"подушка двигателя Z50";"11220-CA00A";3720;1
"подушка двигателя";"11220-CG110";5890;1
"подушка двигателя";"11220-EB300";7440;1
"подушка двигателя";"11270-4M400";2170;1
"подушка двигателя";"11270-8H310";2790;2
"подушка коробки";"11320-4M400";1736;2
"подушка двигателя";"11320-50Y10";1364;1
"подушка";"11320-7F000";4030;1
"подушка двигателя";"11320-AU405";4340;1
"подушка коробки Y60 Y61";"11320-VB91A";3720;1
"подушка двигателя1";"11360-JD01B_неориг";930;1
"ремень";"11720-0E401";806;1
"ремень";"11720-0M3XA";806;1
"ремень";"11720-0W0XB";992;1
"ремень 7PK2442";"11720-1LA0A";3410;1
"ремень";"11720-2F005";930;1
"ремень";"11720-2F610";1364;1
"ремень";"11720-2W204";2480;1
"ремень 4PK850";"11720-42LX1";620;1
"ремень";"11720-4P10A_неориг";930;1
"ремень";"11720-5X00A";4030;1
"ремень";"11720-6N200";2480;1
"ремень";"11720-AR010";2810;1
"ремень";"11720-AX000";775;1
"ремень 11720-53Y20";"11720-D40XG";620;2
"ремень";"11720-EB70C";930;1
"деталь";"11720-ED00C_неориг";930;1
"ремень";"11720-EL00A_неориг";930;2
"ремень";"11720-JC20A";1922;1
"ремень";"11720-VC1X3";1550;1
"ролик ZD30DDTI";"11750-2W21B";124;1
"клапан контр";"11810-41B02";1240;1
"клапан контр";"11810-6N202";992;2
"клапан контр";"11810-95F0A";1550;1
"болт";"11916-95F0A";124;4
"ремень";"11920-0W0XM";992;1
"ремень cl";"11920-60UXA";868;1
"ремень";"11920-AX001";1240;1
"ремень4pk1060";"11920-BX005";1550;1
"ремень 6pk1075";"11920-CA000";1550;1
"ролик";"11925-31U0C";3100;1
"ролик";"11925-AR01B";4340;1
"ролик";"11925-BC20B";4340;1
"ролик";"11925-EB32A";6200;1
"ролик R51M YD25";"11925-VC80A";3410;1
"ролик";"11927-1HC0A_неориг";930;1
"ролик";"11927-ED320";2480;2
"гайка";"11934-31U0B";310;2
"ролик";"11944-EB32A";6200;1
"ролик";"11947-AG300";2790;1
"ремень";"11950-31UXM";558;1
"ремень";"11950-43GXA";620;2
"ремень";"11950-95F0A_неориг";465;1
"ремень";"11950-EB70A";992;1
"ролик T30 QR20, QR25";"11955-6N20B";3534;1
"ролик T30 QR20, QR25";"11955-6N20B_неориг";1240;1
"ролик";"11955-JA00C";4030;1
"поршень ZD30DDTI";"12010-VX201";3410;4
"кольца поршневые CD20T";"12033-1C300";7440;1
"шатун";"12100-AE01A";4960;3
"вкладыши SR20";"12111-1N501";325;8
"вкладыши шатунные ZD30DDTI";"12111-2W20A";372;2
"вкладыши шатунные QG";"12111-4M51A";310;8
"вкладыши шатунные VQ35DE";"12111-4W000";310;12
"вкладыши шатунные P40 R072 комп";"12111-58010_неориг";1240;1
"вкладыши шатунныеСА20 CA18 CD17 +0,5";"12115-D2800_неориг";868;1
"вкладыши CA18 CA20";"12118-D0200_неориг";806;1
"вкладыши коренные Е-15 STD";"12207-01M00_неориг";1240;1
"вкладыши коренные QG 1.5 / 1.8";"12207-4M50A";341;3
"вкладыши коренные SR20";"12207-60J00";620;5
"вкладыши коренные L28";"12207-73400_неориг";1736;1
"вкладыши кореные P40 M073";"12207-C6001_неориг";1736;1
"сальник 0M300";"12279-1N510";1240;2
"сальник к/в R";"12279-6N200";1116;8
"сальник";"12279-ED000";1488;1
"вкладыши коренные";"12280-95F0B";310;2
"шкив";"12303-31U1A";5580;1
"маховик";"12310-EB30A";37200;2
"маховик";"12310-VB311";71300;1
"маховик";"12331-95F0A";7440;1
"шестерня";"13021-53J00";682;1
"шестерня";"13024-31U00";2790;1
"шестерня";"13024-31U11";1302;1
"Ремень ГРМ";"13028-24B10_неориг";1240;1
"цепь";"13028-53Y10";1860;1
"цепь 81зуб";"13028-CK80A";4650;1
"цепь";"13028-JK20A";186;1
"цепь";"13028-JK20B";2170;1
"сальник";"13042-01M00";372;1
"сальник1";"13042-16V0A";310;10
"прокладка";"13050-6N200";124;1
"ролик N13 Cd17";"13070-16A02_неориг";1240;1
"ролик VG30";"13070-42L00";2480;1
"ролик";"13070-AD20A";1860;1
"ролик";"13070-AN201";1860;2
"натяжитель";"13070-BN300";2170;1
"ролик";"13070-EN20A";1860;1
"прокладка под натяжитель";"13079-53Y00";124;1
"Успокоитель WD21";"13085-10W10";868;1
"успокоитель";"13085-4M500";682;1
"успокоитель";"13085-4M511";744;1
"успокоитель";"13085-7S002";930;1
"успокоитель";"13085-AX000";868;1
"натяжитель";"13091-95F0A";1860;1
"клапан впуск";"13201-0Y000";806;5
"клапан";"13201-95F0B";434;10
"клапан";"13201-ED00C";930;8
"клапан";"13201-JG30A";930;8
"клапан";"13202-31U00";1054;4
"клапан";"13202-95F0B";806;10
"клапан";"13202-AU300";1798;6
"клапан";"13202-ED00C";930;4
"маслосьем колпачки";"13207-3Z000";186;4
"маслосьем колпачки";"13207-53Y10";112;16
"маслосьем колпачки";"13207-84A00";186;2
"маслосьем колпачки";"13207-D0111_неориг";75;4
"маслосьем колпачки";"13207-ED000";186;16
"маслосьем колпачки";"13207-V170A";124;16
"направляющие";"13212-D0110_неориг";124;1
"направляющие";"13213-D0110_неориг";124;3
"гидрокомпенсатор";"13231-40L05";1736;2
"гидрокомпенсатор";"13231-V7215_неориг";992;4
"прокладка";"13270-41B02";868;1
"прокладка";"13270-43G03";744;1
"прокладка";"13270-4P410";310;1
"прокладка (кольцо)";"13270-53J13";124;1
"прокладка GA14 GA16";"13270-73C10";558;2
"прокладка";"13270-8J112";920;1
"прокладка VQ";"13270-8P311";930;1
"прокладка B10RS";"13270-95F0B";930;1
"прокладка";"13270-AD20A";744;2
"прокладка";"13270-EB30A";1550;1
"прокладка";"13270-EN200";744;1
"прокладка";"13270-F4000";992;1
"прокладка";"13270-G2500";682;1
"прокладка";"13270-JG30A";620;1
"прокладка VG30";"13270-V5000";735;1
"прокладка";"13271-1E400";365;1
"сальник";"13276-2W211";465;2
"сальник";"13276-95F0A";310;2
"сальник";"13276-BN30A";372;4
"сальник";"13276-BN801";620;4
"сальник 13510-10Y10";"13510-50B10";415;1
"сальник";"13510-53J01";434;1
"колектор";"14004-CA000";6820;1
"прокладка";"14032-31U00";930;4
"прокладка";"14032-AE00A";930;1
"прокладка";"14032-EA200";744;2
"прокладка";"14035-0M301";930;1
"прокладка";"14035-31N00";310;1
"прокладка 3.0";"14035-38U01";1054;2
"прокладка";"14035-ED000_неориг";310;2
"прокладка";"14035-ED800_неориг";620;2
"прокладка";"14035-JG35A";930;1
"прокладка";"14035-V5202";1860;2
"прокладка";"14036-0M300";403;2
"прокладка";"14036-0W801";620;1
"прокладка";"14036-1VA0A";1178;1
"прокладка";"14036-4W015";620;1
"прокладка";"14036-7S001";1860;1
"прокладка";"14036-8H600";744;1
"прокладка";"14036-BC000";806;1
"прокладка";"14415-VB300";1054;1
"прокладка";"14445-VB300";992;2
"интеркулер";"14461-JG70C";18600;1
"прокладка";"14719-VC110";186;1
"прокладка";"14722-EC00A";434;1
"Клапан системы рециркуляции";"14956-00Q1K";3100;2
"Клапан ваккумной системы";"14956-EB70B";7440;1
"цепь";"15041-6N215";1450;1
"прокладка";"15066-31U02";310;2
"прокладка";"15066-31U03";372;2
"прокладка масленного насоса";"15066-4W000";62;4
"прокладка";"15066-5E510";186;4
"деталь";"15066-6N201";310;5
"деталь";"15066-6N204";186;2
"прокладка масленного насоса";"15066-95F0A";310;1
"прокладка масленного насоса";"15066-ED000";124;2
"прокладка масленного насоса";"15066-ED010";124;1
"прокладка";"15193-VB301";62;1
"прокладка";"15196-2W200";150;1
"прокладка";"15196-VB300";186;1
"фильтр масла";"15208-00Q0N";620;1
"фильтр масла";"15208-00Q1E";496;1
"фильтр масла";"15208-00Q1E_неориг";434;2
"фильтр мсла";"15208-40L02";806;2
"фильтр масла";"15208-65F00_неориг";310;2
"фильтр масла#";"15208-9F60A";372;8
"фильтр масла";"15208-AD20A";620;3
"фильтр масла";"15208-BN30A";434;1
"фильтр масла";"15208-H8903";590;1
"фильтр масла";"15208-H8991";496;2
"фильтр масла";"15208-T9000_неориг";248;1
"фильтр масла";"15208-W1194";620;2
"фильтр масла";"15209-00Q0A_неориг";620;1
"крышка маслозалевная";"15255-1P101";310;1
"прокладка P10E CD20";"15270-D0103";93;1
"дроссельный узел";"16118-95F0C";23560;1
"прокладка";"16175-ET80A";124;2
"фильтр топлива";"16400-03J0A";744;1
"фильтр топлива";"16400-1BY1D";4960;1
"фильтр топлива";"16400-2Y505_неориг";930;1
"фильтр топлива";"16400-41BX0";806;1
"фильтр топлива";"16400-4M405";1302;2
"фильтр топлива";"16400-4M501_неориг";1005;1
"фильтр топлива";"16400-5X21B";3720;1
"фильтр топлива";"16400-JD51A";1860;1
"фильтр топлива";"16400-JY00B";3286;1
"фильтр топлива";"16400-LC30A";2790;1
"фильтр топлива";"16400-V2600_неориг";558;1
"фильтр топлива";"16400-W1110_неориг";155;1
"насос подкачки топлива ZD30DDTI";"16401-VC10D";6696;1
"фильтр топлива";"16403-59E00_неориг";434;1
"фильтр топлива";"16405-01T0A";2356;1
"деталь";"16526-95F0A";2914;1
"кронштейн воздуховода";"16538-95F0A";620;2
"фильтр воздушный";"16546-1LK0E";1674;2
"фильтр воздушный";"16546-30P00";496;6
"фильтр воздушный";"16546-3J400";930;12
"фильтр воздушный";"16546-3TA1B_неориг";496;1
"фильтр воздушный";"16546-4BA1B_неориг";620;1
"фильтр воздушный";"16546-7S000_неориг";434;1
"фильтр воздушный";"16546-88A00_неориг";558;1
"фильтр воздушный";"16546-9S001";1302;4
"фильтр воздушный";"16546-AR000";1550;1
"фильтр воздушный";"16546-BC40A_неориг";620;3
"фильтр воздушный";"16546-EB300";868;2
"фильтр воздушный";"16546-EB300_неориг";620;3
"фильтр воздушный";"16546-EH000";1860;1
"фильтр воздушный";"16546-EJ70A";1240;2
"фильтр воздушный";"16546-JA00B";558;4
"фильтр воздушный MR";"16546-JD20B";575;4
"фильтр воздушный FA-039";"16546-JD20B_неориг";434;1
"фильтр воздушный";"16546-JK20A";1302;3
"фильтр воздушный";"16546-JK20A_неориг";620;2
"фильтр воздушный";"16546-T3401_неориг";620;1
"фильтр воздушный";"16546-VB300_неориг";682;1
"фильтр воздушный LCD22";"16546-VK501";1240;2
"бачок воздухозабора B10RS";"16585-6N000";3410;1
"форсунка B10RS";"16600-95F0A";4650;4
"распылитель CD17_CD20";"16620-59Y25_неориг";1736;4
"распылитель";"16620-VB325";3410;4
"распылитель SD33";"16620-Y8400_неориг^";930;6
"кольцо";"16625-05E00";186;10
"прокладка";"16625-43G00";140;10
"кольцо";"16626-V0702";93;9
"прокладка";"16627-43G00";93;1
"кольцо";"16635-16A00";93;12
"комплект ГРМ G15RA";"16806-00Q0L";3038;1
"ремень TNBD";"16806-00QBB";3720;1
"деталь";"17017-95F0A";620;2
"бензонасос J10E 4WD 17040-JD02A";"17040-JD00A";14880;1
"бензонасос J10E";"17040-JD01A";14880;1
"крышка бензобака";"17251-79910";1240;1
"глушитель N13 FP";"20010-88A01_неориг";8680;1
"болт";"20074-95F0A";390;5
"глушитель P11";"20100-3J300KE";7750;1
"глушитель P10 задн часть SR20";"20100-71J01_неориг";4030;1
"болт 1.2 ящ";"20606-1U60B";310;2
"подушка глушителя";"20640-01A01_неориг";217;1
"подушка глушителя";"20650-70A10";310;4
"подушка глушителя";"20651-3X01B";1240;1
"подушка глушителя";"20651-95F0B";310;1
"подушка глушителя";"20651-AX400";930;1
"подушка глушителя";"20651-CA000";1240;1
"подушка глушителя";"20651-EA000";1240;3
"подушка глушителя";"20651-EN200";496;3
"подушка глушителя";"20651-EN300";620;1
"прокладка";"20691-03E80_неориг";217;2
"прокладка";"20691-0P600";434;3
"прокладка";"20691-19U00";372;1
"прокладка";"20691-50A00_неориг";124;1
"прокладка";"20691-57E01";186;4
"прокладка";"20691-58E01_неориг";186;3
"прокладка";"20691-77A00";225;3
"прокладка";"20692-0F005";775;2
"прокладка";"20692-0F012_неориг";248;1
"прокладка";"20692-1P100";496;4
"прокладка";"20692-54A00_неориг";248;2
"прокладка";"20692-95F0A";434;3
"прокладка";"20695-ED10E";930;4
"кронштейн";"20722-41U00";3534;1
"прокладка";"20822-95F0A";434;2
"прокладка";"20840-95F0A";620;2
"помпа TB42";"21010-03JX5";8060;1
"Помпа";"21010-4M526";1860;1
"Помпа CD20";"21010-57J28";3720;2
"муфта вяскосная";"21082-7S00A";12400;1
"термостат Z24 88";"21200-80W05";1054;2
"термостат";"21200-8J10B";1860;1
"термостат";"21200-9Y400";1860;3
"термостат";"21200-AX00A";930;1
"крышка радиатора";"21430-01F02";540;12
"радиатор J30";"21460-85E00_неориг";10478;1
"радиатор T30 QR20DE.AT";"21460-8H900_неориг";5580;1
"радиатор N16E AT";"21460-BM700_неориг";7440;1
"диффузор в сб N15";"21481-0M002_неориг";9300;1
"крыльчатка";"21486-95F0B";1240;1
"крыльчатка";"21486-CA000";1612;1
"крыльчатка";"21486-CA010";1240;1
"патрубок";"21503-95F0A";744;2
"патрубок";"21503-CA000";1550;1
"патрубок";"21503-JG300";930;1
"подушка крепления радиатора";"21506-4M400";186;2
"подушка";"21506-50J00";124;10
"подушка крепления радиатора";"21507-4M400";124;8
"диффузор в сб B10RS";"21590-95F0A";14880;1
"диффузор в сб  B10RS";"21590-95F0A_неориг";9300;1
"бачок расширительный B10RS";"21710-95F0A";2480;1
"бачок расширительный";"21710-ED000";1550;1
"крышка";"21712-79900";434;2
"датчик детонации";"22060-30P00";3875;2
"датчик детонации";"22060-7S000";3100;1
"сальник трамблёра";"22131-1E401";186;1
"сальник";"22131-38U12";186;1
"свеча";"22401-1KC1C";1054;4
"свеча";"22401-1P116";868;8
"свеча";"22401-5M015_неориг";434;2
"свеча";"22401-5M016";780;2
"свеча 22401-5M016";"22401-8H315";744;12
"свеча";"22401-BC01B";310;4
"свеча";"22401-ED71B";620;4
"свеча 22401-ED815";"22401-EW61C";1116;7
"свеча";"22401-ZE01B";1302;2
"катушка зажигания";"22448-1LA0A";2170;2
"катушка зажигания";"22448-1LA0B";2170;2
"катушка зажигания";"22448-4W010";4774;2
"катушка зажигания";"22448-6N015_неориг";1550;1
"катушка зажигания";"22448-ED800_неориг";1550;1
"катушка зажигания-J";"22448-JA00C_неориг";1860;1
"датчик дроссельной заслонки";"22620-95F0A";3410;1
"датчик температуры";"22630-44B20";1085;2
"датчик";"22630-51E02";1550;1
"датчик";"22680-7J600";19840;1
"датчик(сам датчик) 22680-7S00A";"22680-7S000";5704;2
"датчик";"22680-AW400";11160;1
"датчик кислорода";"22690-2A000_неориг";4650;1
"датчик кислорода";"22690-2A010_неориг";4650;1
"датчик кислорода Z50";"22693-7Y020";6200;1
"датчик кислорода";"22693-JA00B";14198;2
"датчик кислорода P12E";"226A0-AU011";6200;1
"датчик кислорода";"226A0-ET000";4340;1
"датчик кислорода CA33";"226A1-4L715";5580;1
"генератор B10RS";"23100-95F0A";16740;1
"датчик положения коленвала";"23731-95F0B";2294;6
"датчик положения коленвала";"23731-ED02A";2604;1
"датчик положения коленвала";"23731-JA11B";2170;2
"поплавок";"25060-8H31A";7440;1
"поплавок";"25060-8H31B";8060;1
"поплавок";"25060-JG00A";7750;1
"датчик уровня топлива ZD30DDTI";"25060-VB412";11160;1
"датчик";"25080-89903";1550;1
"датчик";"25080-89907";930;1
"реле";"25230-79918";310;1
"реле";"25230-79942";682;1
"реле";"25230-79981";868;2
"реле";"25230-95F0B";930;2
"датчик масла Y61";"25240-4M40E";744;2
"датчик масла";"25240-89960";868;2
"датчик масла1";"25240-8996E";744;2
"датчик масла";"25240-95F0A";837;1
"датчик";"25320-4M400";682;4
"датчик";"25320-4M405";186;4
"реле 104ящ";"25320-AX00B";1302;2
"датчик тормозной (лягушка)";"25325-95F0A";1550;2
"прикуриватель";"25335-89900";992;1
"выключатель внутрисалоного света (Y60 кроме водит двери)";"25360-10V00";1116;2
"выключатель концевик";"25360-41L01";744;3
"выключатель  концевик";"25360-4M400";496;2
"выключатель  концевик";"25360-AD000";620;4
"подрулевой переключатель";"25400-95F0A";5270;1
"выключатель";"25411-0V00A";1984;1
"подрулевой переключатель";"25540-EB301";3720;1
"контактная группа руля";"25554-95F0B";6200;1
"реле";"25630-79960";496;3
"фара B10RS R";"26010-95F0B";12400;1
"фара B10RS L -0510";"26010-95F0E_неориг";6200;1
"фара K12E R";"26010-AX700_неориг";4650;1
"фара K10 R 1188-";"26014-22B00_неориг";1674;1
"фара P11 R";"26015-9F125_неориг_корр";3100;1
"фара T30 R";"26025-8H900_неориг";4650;1
"фара-стекло N14 R";"26025_стекло_N14";1054;1
"фара-стекло N15 R";"26025_стекло_N15";1054;1
"фара-стекло W10 R";"26025_стекло_W10";1054;1
"пыльник фары";"26029-95F0A";620;2
"фара N15 L 98- мультигал";"26060-2N328_неориг";3844;1
"фара B10RS L";"26060-95F0B";13950;1
"фара K12E R";"26060-AX700_неориг";4650;1
"фара K10 L 1188-";"26064-22B00_неориг";1674;1
"фара P11 L";"26065-9F125_неориг_корр";3100;1
"фара T30 L";"26075-8H900_неориг";4154;1
"фара-стекло J30 L";"26075_стекло_J30";1550;1
"фара-стекло N15 L";"26075_стекло_N15";1054;2
"противотуманка боковая A32";"26105-51U25_неориг";744;1
"указатель поворота B10RS";"26120-95F0A";2356;1
"указатель поворота B10RS";"26125-95F0A";2356;1
"указатель поворота B14 L";"26129-1M100_неориг";1240;1
"указатель поворота N16E R";"26130-BM415_неориг";992;1
"габарит K10 R -1188";"26140-01B75_неориг";496;1
"габарит K10 L -1188";"26145-01B75_неориг";496;1
"противотуманка N16E/P12E/K12E";"26150-89985_неориг";1860;1
"противотуманка P10 R";"26150-96J10_неориг";3410;1
"противотуманка CA33 R с габаритом";"26154-2Y000_неориг";4650;1
"противотуманка Y61 после 07,04";"26154-EA525_неориг";3100;1
"противотуманка P10 L";"26155-96J10_неориг";3410;1
"противотуманка CA33 L с габаритом";"26159-2Y000_неориг";4650;1
"противотуманка Y61 после 07,04";"26159-EA525_неориг";3100;1
"повторитель A32 N15";"26160-1N000_неориг";415;1
"повторитель поворота R50 Y10 Y61";"26160-70N0A";1240;2
"повторитель поворота B10RS";"26160-95F0A";930;1
"повторитель поворота P11";"26160-9F000_неориг";558;1
"повторитель поворота J10E";"26160-AX00A_неориг";744;1
"повторитель белый";"26160-BN40A";1240;1
"габарит K10 R 1188-";"26170-22B00_неориг";496;1
"габарит K10 L 1188-";"26175-22B00_неориг";496;1
"подсветка номера B10RS";"26510-95F0B";1550;1
"фонарь P11 на крыло 4s бел пра";"26550-2F025_неориг";3100;1
"фонарь A32 R -97";"26550-43U27_неориг";3100;1
"фонарь N16 R S внутр";"26550-5M529_неориг";2480;1
"фонарь P11 R внутр HB 0699-";"26550-9F628";6200;1
"фонарь P12E R";"26550-AU30A";9920;1
"фонарь P12 W";"26550-AU40A";9920;1
"фонарь D40M";"26550-EB38A_неориг";4650;1
"фонарь J31 R";"26550-JN00A_неориг";6200;1
"Проводка заднего фонаря";"26551-VD71A";930;1
"фонарь R50";"26554-3W100";7440;1
"фонарь A32 L -97";"26555-43U27_неориг";3100;1
"фонарь N16 L S внутр";"26555-5M51A_неориг";1860;1
"фонарь JA60";"26555-7S625";15500;1
"фонарь P12 HB";"26555-AU21B";9920;1
"фонарь N16E L Hb -0802";"26555-BN026";9155;1
"фонарь J32 L";"26555-JN00A_неориг";6200;1
"фонарь Y61 215-19B9L-A";"26555-VB225_неориг";3720;1
"фонарь Y61 после 0704 (3-х цветные)";"26555-VD30A";7812;1
"фонарь N15 на крыле -98 3/5HB лев";"26559-0N028_неориг";3410;1
"фонарь T31";"26559-JG00A_неориг";5394;1
"катафот J10E";"26560-BR00A";1240;1
"противотуманка Z51 Rear";"26580-1AA0A";3720;1
"противотуманка B10RS";"26585-95F0A";3100;1
"резистор печки";"27100-95F0A";1550;3
"резистор печки";"27150-0W014";1736;1
"резистор печки";"27150-64J65";2170;1
"резистор печки";"27150-ED000";1860;5
"резистор печки";"27150-ED70A";2790;1
"резистор печки";"27150-EY00A";1550;2
"резистор печки JA60";"27151-ZT00A";3720;1
"мотор печки";"27205-95F0A";11470;1
"мотор печки";"27205-95F0B";16120;1
"мотор печки";"27220-2J003";14880;1
"мотор печки a";"27220-40U03";8680;1
"мотор";"27220-7J201";12834;1
"мотор печки";"27220-9W100";21080;1
"мотор печки";"27225-8H90B";18600;2
"мотор печки XTYC-668-NSB028";"27225-JD00A_неориг";4030;1
"мотор печки";"27226-JY10A";8680;2
"фильтр кондиционера A32";"27274-6P125";1860;1
"фильтр кондиционера";"27274-EA000_неориг";620;4
"фильтр кондиционера";"27275-1N625_неориг";1054;1
"фильтр салона F15E";"27277-1KA0A_неориг";620;1
"фильтр салона K1355";"27277-4BA0A_неориг";310;2
"фильтр салона G15RA J11E";"27277-4BU0A";620;1
"фильтр кондиционера J10";"27277-EN000";1120;4
"форсунка омывателя B10RS";"27445-95F0A";527;2
"бачок омывателя B10RS";"27480-95F0A";3720;1
"бачок радиатора кондиционера";"27640-95F0A";4960;1
"радиатор кондиционера B10RS";"27650-95F0A";9920;2
"резистор печки1";"27761-4BA0A";3100;1
"фильтр салона K12E";"27891-AX01A";806;9
"фильтр кондиционера";"27891-BM401KE";1302;1
"фильтр салона N16";"27891-BM401KE_неориг";372;6
"фильтр кондиционера K12E";"27893-6F600KE";1426;1
"антенна-жало A32";"28215-0E006";3100;1
"антенна-жало";"28215-89906";3100;1
"антенна-жало T30";"28215-8H700";1860;1
"форсунка омывателя фар E11E";"28611-9U00A";4030;1
"форсунка омывателя фар P12 R";"28641-AU300";2604;1
"форсунка омывателя фар";"28642-CM80A";4340;1
"форсунка омывателя фар лев R51M";"28642-EB300";6200;1
"Стопор форсунки фар R51M";"28647-0X900";186;1
"крышка форсунки омывателя фар E11E";"28659-9U08E";1488;1
"крышка форсунки омывателя фар J31";"28659-9W55A";2604;1
"дворник на фару";"28679-VB200";868;1
"поводок";"28781-JD00A";2604;2
"колпачок";"28782-JG000";372;1
"деталь";"28790-JD00A_неориг";310;1
"деталь";"28790-JY00A";620;3
"трапеция дворников E11E";"28800-9U10B";13950;2
"трапеция дворников C11X";"28800-EM00A";12400;1
"трапеция дворников J10E";"28800-JD900_неориг";7440;1
"трапеция дворников Z50";"28840-CA000";7750;2
"тяга стеклоочистителя N15";"28841-1M200";930;1
"тяга стеклоочистителя P11E";"28841-2F900";1054;1
"тяга стеклочистителя";"28841-AU31A";4836;1
"тяга стеклоочистителя";"28841-EB300";1023;1
"тяга стеклоочистителя J31";"28842-9W100";806;1
"шарнир R20";"28850-0F000";1922;1
"дворник Z51 650 11год";"28890-1AA0A";1860;1
"Щетка стеклоочистителя 400mm";"28890-1AA1B";1426;2
"дворник";"28890-3JA0A";1860;1
"дворник";"28890-3JA1A";1860;1
"дворник B10RS вод";"28890-95F0C";620;2
"дворник E11E 600mm";"28890-9U100";899;1
"дворник E11E 350mm";"28890-9U110";806;1
"дворник J31 475mm";"28890-9W110";992;4
"дворник Z50";"28890-CC00B";2480;1
"дворник Z50";"28890-CC01B";1756;1
"дворник C11X";"28890-EM31A";1240;2
"дворник J10E вод";"28890-JD90C";682;1
"дворник J10E пасс";"28890-JD91C";620;1
"дворник T31";"28891-JG400";1178;6
"бачок омывателя";"28910-EM00A";9920;1
"бачок омывателя";"28910-JG600";10540;1
"крышка бачка омывателя";"28913-95F0B";295;2
"крышка бачка омывателя";"28913-9Y000";310;2
"крышка бачка омывателя";"28913-AU30A";186;1
"горловина B10RS";"28916-95F0A";372;2
"насос омывателя R50";"28920-0W000";1736;1
"насос омывателя";"28920-BC000";1550;1
"насос омывателя";"28920-BC10A";2790;1
"моторчик омывателя фар N16E 0802-";"28920-BU310";2976;3
"насос омывателя";"28920-VE000";1240;3
"форсунка омывателя";"28931-4CC0A";620;5
"форсунка омывателя";"28931-9W100";806;2
"форсунка омывателя R51M";"28932-EB300";1116;1
"форсунка омыв зад";"28970-JG000";682;1
"Комплект сцепления GA15RA";"30001-00Q2K_неориг";4960;1
"комплект сцепления SR20 801514";"30001-2F205_неориг";6200;1
"Комплект сцепления J10E 4WD";"30001-JD00C_неориг";9300;1
"диск сцепления";"30100-13EX6";3720;1
"диск сцепления";"30100-33MX6";2790;1
"корзина Y60 RD28";"30210-22J00";9610;1
"корзина WD21 Z24";"30210-55GX0";7750;1
"корзина YD22ETI";"30210-8H801";12710;1
"корзина B10RS";"30210-95F0B";4960;1
"корзина P12E QR20DE";"30210-AU400";9610;1
"корзина J10E 2WD.MR20DE.F6";"30210-ED80A";8060;1
"корзина T31";"30210-JA00A";4030;1
"корзина R51M YD25DDTI";"30210-JS10C";11780;1
"корзина Y60 RD28T";"30210-VB3X0";11160;1
"Комплект сцепления 1878 600 635";"30300-CR14B";12400;1
"подшипник выжимной GR60";"30502-21000";1054;1
"подшипник выжимной R20 TD27TI";"30502-7F000";3100;1
"вилка сцепления";"30531-7F000";2976;1
"пыльник вилки сц-я";"30542-31G10";930;1
"цилиндр сцеп глав";"30610-55S0A";3782;1
"цилиндр сцепления главный";"30610-5M004";2790;1
"цилиндр сцеп глав";"30610-7F00A";3720;1
"цилиндр сцеп глав";"30610-ET000";4340;1
"цилиндр сцепления1";"30620-00Q0J_неориг";2790;1
"цилиндр сцепления рабочий";"30620-V6360_неориг";1550;1
"рем-комплект";"30621-VB025";868;2
"цилиндр сцепления";"306A0-JA60C";4960;1
"сальник";"31375-1XF0B";310;1
"прокладка в АКПП";"31397-1XF0C";1054;6
"прокладка в АКПП";"31397-1XJ0A";1364;1
"прокладка в АКПП";"31397-51X02";1302;1
"прокладка в АКПП";"31397-80X01";868;2
"прокладка в АКПП";"31397-90X00_неориг";930;2
"фильтр АКПП вар T31.J10.Z50.J32";"31726-1XF00";434;1
"фильтр АКПП";"31726-3JX0A";434;1
"фильтр АКПП";"31728-1XF03";2170;1
"фильтр АКПП";"31728-31X01";1302;5
"фильтр АКПП K11E";"31728-41B00";2356;1
"фильтр АКПП";"31728-41X03";1984;1
"фильтр АКПП";"31728-80X04";2480;1
"сальник";"32135-AX001";93;4
"подшипник";"32203-VB000";2480;1
"подшипник 32219-59Y02";"32219-59Y12";1240;1
"подшипник 32219-V5210";"32219-86W70";1302;1
"подшипник";"32223-62Y02";1736;1
"подшипник";"32273-36N60_неориг";1116;1
"подшипник";"32273-T6420_неориг";1116;1
"пыльник";"32859-03E01";372;1
"сальник";"33111-JD60A";620;2
"сальник";"33114-AD300";744;3
"сальник";"33142-33G10";496;1
"сальник";"33216-7S11C";310;1
"сальник";"33216-CG01A";930;1
"тяга";"34103-5M400";4836;1
"трос ручника";"36402-95F0A";744;1
"трос ручника B10RS";"36530-95F0A";1984;3
"трос ручника B10RS";"36531-95F0A";1488;3
"трос ручника";"36531-JG00A";3286;1
"трос ручника";"36531-JN20A";1860;1
"крестовина кардана";"37125-01JX5";2852;1
"крестовина кардана";"37125-20JX5";2325;2
"крестовина кардана";"37125-2X800";4774;1
"крестовина";"37125-2X801_неориг";620;2
"крестовина кардана 37126-3S526";"37125-EB30A";3534;2
"крестовина кардана GU1000";"37125-EB30A_неориг";744;2
"крестовина кардана";"37125-VB9X5";2215;2
"крестовина кардана";"37126-01G25_неориг";744;2
"крестовина кардана";"37126-0W725";2790;2
"крестовина кардана";"37126-3S526";3720;1
"крестовина кардана";"37126-C9425_неориг";868;2
"подшипник";"38140-13201_неориг";930;1
"сальник";"38189-C7123";496;1
"сальник";"38189-CA000";496;2
"сальник";"38189-N3111";930;1
"вал";"38230-CA000";21700;1
"сальник";"38342-00QAG";434;2
"сальник";"38342-01E00";372;1
"сальник";"38342-4N500";372;3
"сальник";"38342-8E000";372;2
"сальник";"38342-8E001";558;1
"сальник";"38342-8E002";558;2
"сальник";"38342-8H500";558;1
"сальник";"38342-8S110";1364;1
"сальник";"38342-D2100";620;1
"сальник";"38342-M8001";434;2
"подшипник";"38440-03E00";1736;2
"вал правый";"39100-95F0B";17360;1
"вал правый с АБС автомат";"39100-95F0B_неориг";9300;1
"вал левый";"39101-4M410";17360;1
"вал левый c АБС механика";"39101-4M410_неориг";11780;1
"шрус";"39211-0M000_неориг";3410;1
"шрус P11 1.6 с АБС";"39211-2F025_неориг_Ч";1860;2
"шрус P11 2.0";"39211-2F225_неориг";2418;1
"шрус CA33";"39211-2Y070_неориг";3720;1
"шрус с кольцом";"39211-31U10_неор_Ч";3720;1
"шрус GLDT 3110";"39211-50A00_неориг";2790;1
"шрус";"39211-50Y00_неор_Ч";2046;1
"шрус GLDT 3271";"39211-50Y00_неориг";3100;1
"шрус V10-005 016-NI120 1.6";"39211-60Y10_неориг_Ч";2170;2
"шрус GLDT 3424";"39211-71J25_неориг_ABS";4030;1
"шрус";"39211-BM525_неориг";4340;1
"шрус";"39211-BM526_неориг";3100;1
"шрус";"39211-BM580";8680;1
"пыльник";"39241-0M326_неориг";620;1
"пыльник шрус";"39241-5V127";1860;4
"пыльник шрус 802-20007";"39241-73J25_неориг";558;1
"пыльник шрус";"39241-CA025";2356;2
"пыльник шрус";"39741-0F00A";3410;1
"пыльник шрус";"39741-55E87";1736;1
"пыльник шрус";"39741-6N226";1736;1
"пыльник шрус";"39741-9Y125";1860;1
"пыльник шрус";"39741-AY126";2480;1
"пыльник шрус";"39741-BM726";2480;1
"пыльник шрус";"39741-CG028";1860;1
"цапфа";"40014-95F0B";7440;1
"кулак B10RS";"40014-95F0BFU";12400;1
"цапфа";"40015-95F0B";7440;1
"кулак J31";"40015-CN000";18600;1
"подшипник цапфы";"40030-VB000";1860;2
"пыльник шрус";"40088-95F0A";930;2
"пыльник шрус";"40089-95F0A";1302;2
"шаровая опора R51M перед верх";"40110-EB300_неориг";1860;6
"шаровая опора A32 NU30";"40160-41U00_неориг";930;2
"шаровая опора N 13 P10 P 11";"40160-50A00_неориг";868;2
"шаровая опора WD21 R20 низ";"40160-50W00_неориг";1054;1
"шаровая опора N14 N15";"40160-50Y00_неориг";496;1
"шаровая опора U11, J30, W10";"40160-85E00";3348;2
"шаровая опора C23M";"40160-9C001";4960;1
"шаровая опора J31 T31 J10";"40160-9W200_неориг";1054;1
"шаровая опора K12E tc1306";"40160-AX00B_неориг";744;2
"шаровая опора R51M пер низ зад верх";"40160-EA00A_неориг";1674;2
"шаровая опора R51M зад низ";"40160-EA500_неориг";1860;3
"гайка";"40178-JG00A";310;10
"ступица3 J32 VQ35DE L";"40202-1AA0A_KS";6200;3
"ступица R51M 40202-5X00A";"40202-4X01A";17360;2
"ступица";"40202-7S100";14260;1
"ступица";"40202-95F0A";4340;1
"ступица";"40202-CG110_неориг";5270;1
"ступица S50 4WD -EJ70A";"40202-EJ70B";14012;1
"ступица J10E";"40202-JG000";6758;3
"ступица Z50";"40202-ZM70A";7440;2
"ступица передняя";"40202-ZP90A_неориг";6200;1
"ступица";"40202-ZR40B";19220;1
"Диск тормозной Z62";"40206-1LA2A";5580;2
"Диск тормозной";"40206-1LB1A";4340;2
"диск тормозной WD21 F 09.5055.10";"40206-31G01_неориг";1860;2
"Диск тормозной";"40206-3JA0A_Nibk";4340;2
"Диск тормозной";"40206-3JA0A_неориг";3720;2
"Диск тормозной L33R";"40206-3TA0A_неориг";3720;2
"Диск тормозной J11E";"40206-4EA0A_неориг";3100;2
"диск тормозной P12E CA33 T30";"40206-4U107";5456;2
"Диск тормозной R51";"40206-5X00A_неориг";2294;2
"Диск тормозной R50";"40206-6W500_неориг";2790;2
"диск тормозной P10E";"40206-93J01";4030;2
"диск тормозной P10 F BRDT09544910";"40206-93J01_неориг";1860;1
"Диск тормозной J31";"40206-9J400_неориг";4216;2
"диск тормозной K12E F";"40206-AX600";3410;2
"Диск тормозной K12E F";"40206-AX600_неориг";1488;2
"Диск тормозной S50";"40206-CG010_неориг";3100;2
"Диск тормозной S50";"40206-CL70A";3100;2
"Диск тормозной D40M";"40206-EB300_неориг";3720;2
"Диск тормозной C11X N3301098";"40206-EM10A";5022;2
"Диск тормозной C11X";"40206-EM10A_неориг";2418;2
"Диск тормозной JJ10E 4WD";"40206-ET01A";4650;2
"Диск тормозной JJ10E 4WD";"40206-ET01A_неориг";1860;2
"Диск тормозной T31 09.A716.20";"40206-JG00A_неориг";2232;2
"диск тормозной F";"40206-VB000";6200;2
"диск тормозной Y61";"40206-VC200";6200;2
"Диск тормозной TA60";"40206-ZC00B";9920;2
"подшипник";"40210-05U00";2790;1
"подшипник";"40210-3Z000_неориг";1860;2
"подшипник";"40210-50W00";1550;2
"подшипник";"40210-95F0A";1550;5
"подшипник+стопор.кольцо+гайка";"40210-AX000_Kroner";1240;2
"подшипник";"40210-EB000_неориг";1860;1
"подшипник";"40210-WD200";3100;1
"стопор";"40214-01E10";124;4
"стопор";"40214-30R00";310;4
"стопор";"40214-4M400";300;1
"стопор";"40214-AG100";248;1
"подшипник WD21 R20 внеш";"40215-2S600";1240;2
"подшипник 40215-G9501";"40215-C6000";1798;1
"болт в колесо E11E";"40222-BC40A_неориг";310;2
"гайка колеса";"40224-21001";62;29
"гайка колесные";"40224-JK00A";248;2
"сальник";"40227-31G00";930;2
"сальник";"40227-31G01";1860;2
"сальник ступ m";"40227-50Y11";620;1
"сальник";"40232-01J00";620;3
"сальник";"40232-0F000";992;2
"сальник";"40232-21B00";620;1
"сальник";"40232-2F001";415;4
"сальник ступ a";"40232-50Y10";558;1
"муфта";"40260-34G00";18600;2
"гайка";"40262-2Y00A";310;3
"гайка";"40262-4M400";186;2
"сальник";"40533-01J00";806;2
"сальник";"40579-01J00";1364;3
"сальник на ср.рычаг";"40579-2F000";310;3
"сальник";"40579-AV600";496;4
"сальник";"40579-VB000";1240;3
"подшипник";"40588-C6000";1240;1
"гайка";"40780-JA01B";186;4
"суппорт B10RS";"41001-95F0A";7750;1
"суппорт B10RS";"41011-95F0A";7750;1
"суппорт J31";"41011-9Y00A";13640;1
"колодки тормозные R50 AS-450";"41060-0W785_неориг^";1736;1
"колодки тормозные Z32 F";"41060-37P91_неориг";2480;1
"колодки тормозные N14 F";"41060-50Y94_неориг";1240;1
"колодки тормозные N14 F SR20";"41060-54C87_неориг";1674;2
"колодки тормозные";"41060-6N0X1";3100;1
"колодки тормозные W10.M11.S13";"41060-80N90_неориг";1550;1
"колодки тормозные J30 пер 92-";"41060-89EX2_неориг";1178;2
"колодки тормозные B10RS";"41060-95F0B";3100;1
"колодки тормозные R20 пер";"41060-9C526_неориг";620;1
"колодки тормозные P12E/V10M";"41060-AV126";4650;1
"колодки тормозные R51";"41060-EB325";5084;1
"колодки тормозные R51 супер";"41060-EB326_неориг^";2976;2
"колодки тормозные";"41060-ZC027_неориг";4030;1
"пластины противошумные";"41080-40U25";2790;1
"пластины противошумные";"41080-AM890";2790;3
"пластины противошумные";"410830002R";1860;1
"пластины противошумные";"41084-71J26";1476;1
"рем набор суппорта";"41120-09W25_неориг";620;1
"рем набор";"41120-37J25";2790;1
"рем набор суппорта Y60 F";"41120-37J25_неориг";806;2
"деталь";"41120-4N026";2657;1
"рем набор";"41120-71J25";1674;1
"рем набор суппорта";"41120-7S025";2046;1
"рем набор суппорта";"41120-AG025";2542;1
"рем набор суппорта";"41120-VB225_неориг";310;2
"деталь";"41120-VC225";2480;1
"поршень суппорта Y61";"41121-01A01";2604;2
"поршень суппорта R50";"41121-0W700";2480;4
"поршень суппорта";"41121-7S000";1860;2
"поршень суппорта";"41121-95F0A";1364;2
"поршень";"41121-ZC60A";2046;1
"штуцер";"41128-AW70A";372;6
"втулка";"41130-21C00";620;1
"направляющие суппорта T30, R50";"41134-AA000";558;4
"направляющие суппорта (винт)";"41141-95F0A";155;11
"втулка";"43098-EB30A";930;3
"подшипник";"43200-0M801";8246;1
"ступица R51 зад v2-rs-9522";"43202-4X00A_неориг";5332;2
"подшипник";"43202-95F0B";5084;1
"подшипник";"43202-95F0B_неориг";4960;1
"ступица";"43202-CN000";10850;2
"ступица";"43202-EE500";12400;1
"ступица";"43202-EE500_неориг";5890;1
"ступица";"43202-JG000";9610;2
"ступица J32";"43202-JP00A_KS";3720;1
"ступица";"43202-WL010";8060;1
"Диск тормозной S51 VK50VE";"43206-1CA0A";6200;2
"диск тормозной A32 Rear";"43206-4U001";4960;2
"диск тормозной A32 Rear";"43206-4U001_неориг";1302;2
"диск тормозной";"43206-4U101_неориг";1240;1
"Диск тормозной JA60";"43206-7S000";9300;2
"Диск тормозной";"43206-CA000";6200;1
"Диск тормозной S50";"43206-CA000_неориг";2666;2
"Диск тормозной C11X";"43206-EM10A";5022;4
"Диск тормозной C11X";"43206-EM10A_неориг";1736;4
"Диск тормозной J10E зад";"43206-JD00A_неориг";1674;4
"Диск тормозной EX35";"43206-JK600";5270;2
"Диск тормозной";"43206-JL00A";6634;2
"подшипник";"43210-00Q0G";2170;3
"подшипник";"43210-0C710";3906;2
"подшипник";"43210-0W000";4154;2
"подшипник";"43210-AZ300";1240;3
"подшипник";"43210-C9300";2046;1
"подшипник";"43215-C9300";1652;1
"сальник";"43232-01G10";620;2
"сальник";"43232-9C500";620;1
"сальник";"43232-EB70A";930;1
"крышка";"43234-0L700";496;2
"сальник";"43262-0F000";837;2
"гайка";"43262-4M400";179;2
"суппорт J31 зад";"44001-8J10A_неориг";11160;1
"суппорт Y61";"44001-VS40A";21700;1
"суппорт";"44011-AV700_неориг";4836;1
"суппорт Y61";"44011-VS40A";9300;1
"кронштейн";"44040-95F0A";1984;2
"колодки тормозные R20 R";"44060-0F026_неориг";2480;1
"колодки тормозные N15 R";"44060-0M890_неориг";1240;2
"колодки тормозные R20 зад";"44060-0X825_неориг";3100;1
"колодки тормозные K10 R";"44060-28B25_неориг";930;1
"колодки тормозные A32.W10 R диск";"44060-31U92_неориг";1488;1
"колодки тормозные A32 W10 R";"44060-31UX2";3410;2
"колодки тормозные P11 R";"44060-3J325_неориг";1612;1
"колодки тормозные S13 R";"44060-44F85_неориг";1674;1
"колодки тормозные B10RS";"44060-95F0A_неориг";992;1
"колодки тормозные K11E R (дисков.)";"44060-99B25_неориг";930;2
"колодки тормозные C11X";"44060-CY025";4340;1
"колодки тормозные";"44060-CY025_неориг";930;1
"колодки тормозные R51M ручник";"44060-EA026";5580;1
"колодки тормозные";"44060-EB327_неориг";2790;1
"колодки тормозные U11 R -86";"44060-Q0125_неориг";1240;1
"колодки тормозные Y61 зад";"44060-VC290_неориг";2480;1
"пластины противошумные";"44080-8J125";1860;1
"пластины противошумные";"44080-EA026";3720;1
"шайба солдатика";"44084-95F0A";93;4
"пружинка";"44090-95F0A";217;5
"цилиндр";"44100-01J12";3534;2
"цилиндр E24";"44100-05N12_неориг";1178;1
"цилиндр P11E";"44100-3J310";3534;1
"цилиндр";"44100-3T010";1550;2
"цилиндр";"44100-7F001";4650;1
"цилиндр B10RS 4845031010";"44100-95F0A";2294;1
"цилиндр B10RS";"44100-95F0A_неориг";1240;1
"цилиндр E11";"44100-BH00A";3100;1
"рем набор суппорта P12E d4612";"44120-AV00A_неориг";372;1
"рем набор суппорта";"44120-EA026";2542;1
"поршень суппорта";"44126-8J100_неориг";620;2
"поршень суппорта";"44126-AL500_неориг";620;2
"поршень суппорта";"44126-JY00A";2170;2
"рем набор суппорта R20 C23";"44127-9C126_неориг";899;1
"направляющие суппорта";"44139-5Y50A";620;2
"направляющие суппорта";"44139-EB30A";620;1
"направляющие суппорта";"44140-70J25";1054;1
"направляющие суппорта";"44140-EJ20A";806;2
"направляющие суппорта";"44140-JA01A";620;4
"деталь";"44140-JA01A_ремкомпле";1240;2
"направляющие суппорта 14081";"44140-N9500";372;3
"пружинка";"44186-AV700";248;1
"механизм";"44200-95F0A";1860;1
"механизм";"44200-BH00A";5890;1
"механизм DE225FF";"44200-BH00A_неориг";1240;2
"цилиндр глав торм";"46010-95F0D";9300;1
"рем набор главного тормоз";"46011-95F0D";1674;1
"бачок главн сцеп";"46090-95F0A";1674;1
"шланг тормозной B10RS";"46210-95F0B";992;1
"шланг тормозной B10RS";"46210-95F0C";992;2
"шланг тормозной E11E";"46210-9U00A";1240;1
"шланг тормозной E11E";"46210-9U01A";1240;1
"шланг тормозной J31 зад прав";"46210-9Y010";1240;1
"шланг тормозной J31 зад лев";"46210-9Y01B";1550;2
"шланг тормозной J31 пер прав";"46210-9Y020";1612;2
"шланг тормозной R51M прав";"46210-EB03A";2480;1
"шланг тормозной";"46210-JD005";1240;2
"шланг тормозной";"46210-JG013";2480;1
"шланг тормозной";"46210-JG01B";2480;1
"шланг тормозной R51M прав зад";"46210-ZL80B";1240;1
"шланг тормозной R51M лев перед";"46211-EA500";1860;1
"шланг тормозной WD21";"46211-EK40A";1550;2
"шланг тормозной R51M лев зад";"46211-ZL80B";1860;1
"накладка на педаль -тормоз -автоКПП";"46531-89916";434;2
"пружинка";"46585-5M001";744;2
"шланг";"47471-95F0C";1860;1
"датчик АВС B10RS";"47900-95F0A";3410;1
"датчик АВС B10RS зад прав";"47900-95F0B";3410;1
"датчик АВС T30";"47900-EQ01A";7440;1
"датчик АВС J31 зад лев";"47901-9Y00A";7564;1
"датчик АВС D40M зад лев";"47901-EB300";9300;1
"датчик АБС";"47910-0L700";9300;2
"датчик АВС";"47910-1AA0B";2480;1
"датчик АВС";"47910-1DA1A";1860;2
"датчик АВС B10RS пер";"47910-95F0A";2170;2
"датчик АВС J31 пер прав";"47910-9Y000";6820;1
"датчик АВС K12E";"47910-AX610_неориг";1240;1
"датчик АВС";"47910-CA000";7440;1
"датчик АВС S50";"47910-CG00A_неориг";2170;1
"датчик АВС T31 пер";"47910-JG000_неориг";1798;1
"датчик АВС J32";"47910-JN00A";6820;1
"датчик АВС C11X перед";"47910-ZR70A_неориг";1860;1
"датчик АВС J31 пер лев";"47911-9Y000";6820;1
"рейка C11X";"48001-EM30B";51770;1
"пыльник рейки";"48203-01F00_неориг";496;1
"пыльник рейки";"48203-7S025";1674;1
"пыльник рейки";"48203-95F0C";620;2
"пыльник рейки R51M";"48203-EA025";1550;2
"тяга рулевая";"48510-31G25_неориг_тайв";1736;2
"наконечник рулевой тяги";"48520-88E26_неориг";1240;1
"наконечник рулевой тяги J31 R";"48520-9Y025_неориг";1240;1
"наконечник рулевой тяги Z50";"48520-CA025";3286;2
"наконечник рулевой тяги";"48520-CA025_неориг";1240;2
"наконечник рулевой тяги S50";"48520-CG025";3100;1
"наконечник рулевой тяги S50 лев";"48520-CG025_неориг";1476;3
"наконечник рулевой тяги R51M левый";"48520-EA01J_неориг";1116;1
"наконечник рулевой тяги Y61";"48520-VB025_неориг";1488;2
"тяга рулевая R50";"48521-0W025";2790;2
"тяга рулевая R50";"48521-0W025_неориг";1116;2
"шарнир N15";"48521-1M210_неориг";1476;3
"шарнир N13/P10E P11 -06.99 48521-4B000";"48521-35A00_неориг";992;1
"шарнир рулевой C11X";"48521-3U025";3100;2
"шарнир N14";"48521-50Y00_неориг";1240;2
"шарнир рулевой JA60";"48521-7S000_неориг";1054;3
"шарнир рулевой K12E JAR929";"48521-9U100_неориг";1116;1
"шарнир рулевой";"48521-AL500";2480;7
"шарнир рулевой Z50";"48521-CA025";3100;2
"шарнир рулевой Z50 08.04.-";"48521-CB027";2480;1
"шарнир рулевой S50";"48521-CG025_неориг";1240;1
"шарнир рулевой R51M";"48521-EA000";2232;1
"шарнир рулевой";"48521-WA025";3100;1
"шарнир рулевой M12";"48521-WF500";3100;2
"маятник WD21";"48530-31G25";6200;1
"маятник WD21";"48530-31G25_неориг";2604;1
"тяга рулевая WD21 -92";"48560-31G25_неориг";5270;1
"тяга рулевая WD21 -92 R20";"48560-31G26";9920;1
"наконечник рулевой";"48570-61G25_неориг";1116;1
"наконечник рулевой тяги Y61";"48570-VB025_неориг";1488;1
"сальник маятника WD21 см,прим";"48587-01G00";279;3
"амортизатор рул/тяги WD21";"48611-01G00";4030;1
"наконечник рулевой тяги J31 L";"48640-9Y025_неориг";1240;1
"наконечник рулевой тяги S50 прав";"48640-CG085_неориг";1476;1
"наконечник рулевой тяги R51M правый";"48640-EA01J_неориг";1736;1
"наконечник рулевой тяги E11E";"48647-1U61A";5270;1
"наконечник рулевой тяги E11E";"48647-1U61A_неориг";1550;1
"рейка B10RS";"49001-95F0B";21700;1
"рейка B10RS";"49001-95F0BRE";16430;2
"помпа ГУР A32";"49110-40U1A";14570;1
"помпа ГУР B10RS";"49110-95F0A";8060;1
"бачок ГУР B10RS";"49115-95F0B";1240;1
"рем набор";"49202-06W26";1116;1
"деталь";"49718-95F0A";1240;2
"шланг гидроусилителя";"49720-9W61A";13640;1
"шланг гидроусилителя";"49721-95F0A";9300;1
"шланг гидроусилителя";"49721-9W60A";6386;1
"трубка г/у A32";"49790-31U10";4340;1
"пружина A32 FL";"54010-31U22";6820;2
"пружина передняя";"54010-6N003";4650;2
"пружина J30 F";"54010-86E02_неориг";4030;2
"пружина E11E пер XLF-4062052";"54010-9U01B_неориг";2480;2
"пружина T31 пер";"54010-JG20D";7440;2
"отбойник амортизатора";"54050-2F005";1240;2
"пыльник пер стойки A32";"54050-38U02";1116;3
"отбойник пер рычага";"54050-50W0A";1302;2
"отбойник амортизатора";"54050-JD00A";1054;4
"пыльник пер стойки J32";"54050-JP00A_неориг";744;2
"болт";"54216-31G0A";372;1
"амортизатор B10RS";"54302-95F0B";4960;2
"амортизатор E11E FR 333747";"54302-9U025_неориг";5270;1
"амортизатор P12 FR 331014";"54302-AV425_неориг";5704;1
"амортизатор N16E FR 09.00-";"54302-BN425_неориг";3720;1
"амортизатор FX";"54302-CG725";15500;1
"амортизатор S50";"54302-CG725_неориг";8370;1
"амортизатор B10RS";"54303-95F0B";4960;1
"амортизатор E11E FL 333748";"54303-9U025_неориг";3410;2
"амортизатор P12 FL 331015";"54303-AV425_неориг";5704;1
"амортизатор N16 FL 09.00-";"54303-BN425_неориг";4030;1
"амортизатор FX";"54303-CG725";15500;1
"амортизатор S50";"54303-CG725_неориг";8370;1
"подушка стойки";"54320-40U00";1798;1
"подушка стойки 1";"54320-8H320";1364;3
"подушка стойки";"54320-95F0A";1240;4
"подушка стойки";"54320-BC40A";1860;1
"подушка стойки T31";"54320-JG01B";1984;4
"подушка стойки T31";"54321-JG01B";1984;3
"подшипник стойки";"54325-21000_неориг";620;2
"подшипник стойки";"54325-8J000";589;1
"подшипник стойки";"54325-95F0A";620;2
"подшипник стойки?";"54325-JE20C_неориг";744;2
"рычаг Z51";"54500-1AA1A_неориг";9920;1
"рычаг";"54500-1KK0A_неориг";3100;1
"рычаг P10 R";"54500-86J00_неориг";3410;1
"рычаг T30 нижн TD746W";"54500-8H310_неориг";6634;1
"рычаг J31";"54500-9W200";8370;1
"рычаг J31";"54500-9W200_неориг";5580;1
"рычаг V35";"54500-AM601";4960;1
"рычаг P12 R";"54500-AU010_неориг";2170;1
"рычаг Z50";"54500-CC40A_неориг";5146;1
"рычаг Z50";"54500-CC40B";8990;1
"рычаг S50";"54500-CG200";18910;1
"рычаг S50";"54500-CG200_неориг";8990;1
"рычаг R51M прав низ";"54500-EB31C";7440;1
"рычаг C11X";"54500-EL000_неориг";2356;1
"рычаг T31";"54500-JD000_неориг";2790;1
"рычаг J32";"54500-JN00A_неориг";8184;1
"рычаг J32";"54500-JN00B";8680;1
"рычаг R50 FL";"54501-0W001";7750;1
"рычаг Z51";"54501-1AA1A_неориг";9610;1
"рычаг";"54501-1KK0A_неориг";4340;1
"рычаг C23M FL";"54501-7C350";10850;1
"рычаг T30 нижн";"54501-8H310_неориг";7440;1
"рычаг";"54501-95F0A";6820;1
"рычаг R51M";"54501-9CD0A";11780;1
"рычаг J31";"54501-9W200_неориг";5580;1
"рычаг J31";"54501-9W20C";8370;2
"рычаг U30";"54501-AD067";5580;1
"рычаг P12 L";"54501-AU010_неориг";2480;1
"рычаг Z50";"54501-CC40A_неориг";5146;1
"рычаг R51M";"54501-EA00A_неориг";5580;2
"рычаг J10E";"54501-JD000_QML";2480;1
"рычаг T31";"54501-JD000_неориг";2790;1
"рычаг J32";"54501-JN00A_неориг";8060;1
"рычаг TA60";"54501-ZQ00A";13020;1
"рычаг P12";"54524-AV601_неориг";2604;1
"рычаг правый";"54524-BC01A_неориг";1736;1
"рычаг правый";"54524-EA000";6200;1
"рычаг правый";"54524-EL000_неориг";1240;1
"рычаг";"54524-ZQ00A";8060;1
"рычаг левый";"54525-BC01A_неориг";1736;1
"рычаг левый";"54525-EA000";6200;1
"рычаг левый";"54525-EA000_неориг";3100;3
"рычаг левый";"54525-EG000";6820;2
"рычаг";"54525-ZQ00A";8060;1
"втулка";"54559-2S40A";1240;8
"сайлент блок xdl-td580w...... JBU727";"54570-BC41A_неориг";806;4
"болт";"54580-7S00B";558;2
"рычаг cредний Р10 пра";"54592-76J25";8680;1
"сайлент блок";"54613-06J10";688;2
"сайлент блок";"54613-0E015";310;4
"салейнтблок";"54613-0P003";310;2
"сайлент блок";"54613-0X800";442;4
"сайлент блок";"54613-1C704";341;2
"сайлент блок";"54613-1CA1A";372;2
"сайлент блок";"54613-1GZ0A";372;3
"сайлент блок";"54613-2Y002";310;2
"сайлент блок";"54613-2Y003";382;2
"сайлент блок 22mm";"54613-3UB0A";310;2
"сайлент блок";"54613-4M420";310;2
"сайлент блок";"54613-4N010";372;2
"сайлент блок";"54613-4N017";310;2
"сайлент блок";"54613-4U006";310;2
"сайлент блок";"54613-6P610";372;2
"сайлент блок";"54613-7S016";350;4
"сайлент блок";"54613-85E00";310;2
"сайлент блок";"54613-8J002";310;2
"сайлент блок";"54613-9U000";372;2
"сайлент блок";"54613-AL524";310;2
"сайлент блок";"54613-CA000";372;2
"сайлент блок";"54613-CG006";434;4
"сайлент блок";"54613-CK010";310;2
"сайлент блок";"54613-ED001";341;4
"сайлент блок";"54613-JD18C";310;5
"сайлент блок";"54613-JG15C";372;2
"сайлент блок";"54613-JK05B";310;4
"сайлент блок";"54613-VC223";372;2
"сайлент блок";"54613-WF921";310;2
"сайлент блок";"54613-ZV50A";310;4
"болт";"54618-02E00";1116;2
"наконечник стабил";"54618-0E000_неориг";744;1
"наконечник стабил";"54618-0F000_неориг";930;2
"наконечник стабил";"54618-0W001";1116;2
"наконечник стабил";"54618-1AA0E";1240;2
"наконечник стабил S51(16ящ)";"54618-1CA3B";1240;1
"наконечник стабил";"54618-2F010";1233;1
"наконечник стабил";"54618-3JA0C";1240;1
"наконечник стабилизатора С24";"54618-4N001";1116;1
"наконечник стабил";"54618-4N010";1240;1
"наконечник стабил QX56";"54618-7S000";1240;4
"наконечник стабил QX56";"54618-7S000_неориг";620;2
"наконечник стабилизатора T30";"54618-8H300";1054;1
"наконечник стабил U30";"54618-AD000";992;1
"наконечник стабил Z50";"54618-CA000";1240;2
"наконечник стабил";"54618-CN01E";1240;1
"наконечник стабил";"54618-CY00A_неориг";620;2
"наконечник стабил";"54618-EA010";1550;3
"наконечник стабил";"54618-EA010_неориг";744;1
"наконечник стабил Y50";"54618-EG001";1364;1
"наконечник стабил Y50 зад прав";"54618-EG03A";1240;1
"наконечник стабил";"54618-JD00A_неориг";744;1
"наконечник стабил 6 ящ";"54618-JK53A";1178;1
"наконечник стабил";"54618-MB40A";1550;4
"наконечник стабил";"54618-VB000";1333;2
"наконечник стабил";"54618-VC300";1333;1
"наконечник стабил";"54618-VC300_неориг";1054;2
"наконечник стабил S51(16ящ)";"54668-1CA3B";1550;1
"наконечник стабил CA33 лев";"54668-2Y00A";1254;1
"наконечник стабил";"54668-3JA0C";1240;1
"наконечник стабилизатора";"54668-8H300_неориг";744;2
"наконечник стабил U30";"54668-AD000";1240;1
"наконечник стабил Z50";"54668-CA000";1116;2
"наконечник стабил Z50";"54668-CA010";1240;1
"наконечник стабил";"54668-CN01E";1240;1
"наконечник стабил";"54668-EA010_неориг";744;1
"наконечник стабилизатора";"54668-EG01B";1240;1
"наконечник стабил";"54668-JD00A_неориг";744;1
"пружина задняя";"55020-4M412";4340;2
"пружина J31";"55020-9W50A";3100;2
"пружина J31";"55020-9W50B";3100;2
"пружина J10E зад";"55020-JD02A_неориг";3100;2
"сайлент блок";"55045-06J00_неориг";744;3
"сайлент блок";"55045-07200_неориг";434;2
"сайлент блок задний";"55045-63J10_неориг";620;1
"сайлент блок";"55045-D0101_неориг";558;2
"сайлент блок";"55046-C6000_неориг";124;1
"сайлент блок";"55046-EB000";272;4
"сайлент блок";"55046-R8000_неориг";124;4
"сайлент блок";"55047-EB301";248;4
"отбойник з/моста";"55060-41G00";4216;1
"наконечник стабил";"55061-5V201";2604;2
"рычаг T30";"55110-8H505";2666;2
"тяга";"55110-CA000";1674;2
"рычаг FX";"55110-CG000";3100;1
"рычаг";"55110-JG000";6820;1
"рычаг";"55111-JG00A";6200;2
"рычаг T30";"55120-8H500_неориг";1860;1
"рычаг T30";"55120-8H505";3658;2
"рычаг T30";"55120-8H505_неориг";1860;2
"тяга";"55121-8H510_неориг";1860;3
"тяга";"55121-JD00B";9610;1
"сайлент блок";"55135-01J00";372;4
"сайлент блок (мал дырк)";"55135-01J10";1328;2
"сайлент блок";"55148-CA000";930;1
"сайлент блок";"55149-50A00_неориг";248;2
"сайлент блок";"55152-9Y000";620;4
"сайлент блок";"55152-CA000";784;2
"салент блок";"55157-EA501";1240;4
"рычаг J31";"551A0-9Y00A";4340;1
"рычаг S50 зад 551A0-CA000";"551A0-CM80A";3100;1
"рычаг задний R51M";"551A1-EA500_неориг";5394;1
"рычаг JA60 зад";"551B0-7S000";4836;1
"рычаг S50";"551B0-CG000";10850;2
"болт";"55226-0C700";682;4
"болт";"55226-7S00B";620;4
"болт";"55226-AG01A";310;2
"болт";"55226-CA00A";434;4
"болт";"55226-CG01A";496;2
"болт";"55226-EN10B";496;2
"пыльник зад стойки N15 A32 N16";"55240-0M315_неориг";434;2
"пыльник";"55240-8H500";3100;2
"пыльник зад стойки";"55240-95F0A";930;1
"пыльник зад стойки";"55240-9Y000";2170;2
"пыльник зад стойки";"55240-AU000";3224;2
"пыльник зад стойки FX";"55240-CG020";2480;2
"отбойник J10E";"55240-JD000";1860;2
"опора аморт P11 R";"55320-2F000";4216;4
"подушка";"55320-2F000_неориг";1860;2
"опора аморт";"55320-95F0A";1674;4
"рычаг S50 зад";"55501-CG000_неориг";9300;1
"рычаг задний R51M";"55501-EA500_неориг";6200;1
"рычаг задний";"55501-JD00A_неориг";744;1
"рычаг задний R51M";"55502-EA500_неориг";6386;1
"рычаг задний";"55502-JG000";19716;1
"амортизатор Y60 пер";"56110-01JXE";3596;4
"амортизатор D21 Front";"56110-35GX5";2480;2
"амортизатор WD21 Front";"56110-46G25";3410;4
"амортизатор P10/P11 Front";"56110-90J86_неориг";2480;3
"сайлент блок";"56112-V0100";80;4
"шайба";"56113-50Y0A";74;1
"деталь";"56200-2W5X5";5456;2
"амортизатор JA60";"56200-ZV65A";14880;2
"амортизатор Y60 Rear";"56210-01JXE";4960;2
"амортизатор E24 Rear";"56210-01N26_неориг";2170;2
"амортизатор WD21 Rear";"56210-45GXE";2914;2
"амортизатор WP11E зад";"56210-8F825";5580;2
"амортизатор M12";"56210-WF126";4650;1
"сайлент блок";"56217-CA000";496;3
"сайлент блок";"56218-CA000";620;5
"сайлент блок FX";"56218-CG020";620;2
"сайлент блок";"56219-5X00A";744;2
"сайлент блок";"56219-VB000";186;4
"сайлент блок";"56243-0E015";310;4
"салентблок";"56243-1AD0A";310;3
"сайлент блок";"56243-85E00";372;2
"наконечник стабил";"56261-7S001";1240;1
"наконечник стабилизатора";"56261-8J000_неориг";496;2
"наконечник стабил";"56261-EA510_неориг";620;1
"бампер P11Е F";"62022-2J025_неориг";6200;1
"бампер N14 F серый";"62022-50C25_неориг";3937;1
"бампер T31";"62022-JG44H";13640;1
"бампер J32 F";"62022-JN90H_неориг";8680;1
"усилитель N14 F";"62030-73C30_неориг";2170;1
"усилитель E11E";"62030-9U000";10230;1
"усилитель N16E";"62036-BN700";7750;1
"деталь";"62044-95F0B";620;1
"деталь";"62046-95F0A";496;3
"деталь";"62047-95F0A";496;3
"усилитель B10RS";"62095-95F0A";930;1
"держатель бампера P11E";"62210-2J030_неориг";930;1
"держатель бампера";"62222-JG000";496;1
"направляющая";"62224-EM30A";620;8
"клипса";"62224-JG000";310;1
"деталь";"62225-EM30A";558;1
"лючок C11X";"62256-EM30B";1240;1
"заглушка бампера";"622A0-BN700";1240;2
"заглушка";"622A0-JG44H";682;1
"решетка B14";"62310-3M100_неориг";3100;1
"решетка N14";"62310-50C00_неориг";558;1
"решетка CA33";"62310-5Y800";8060;1
"решетка E11E";"62310-9U000";13640;1
"решетка P12 L";"62330-AU300";5022;1
"решетка N16E L 0802-";"62330-BN700";3306;1
"панель B10RS";"62500-95F0B";9300;1
"бампер B10RS F";"62651-95F0B";11780;1
"держатель бампера C11X";"62663-EM00A";5146;1
"эмблема решетки";"62890-BR12A";2480;1
"эмблема";"62890-EM30A";1240;1
"подшипник";6301;310;1
"крыло N14 FR";"63100-62C30_неориг";3720;1
"крыло Y61 после 0704";"63100-VD320";15500;1
"крыло P11 FL";"63101-2J030_неориг";7440;1
"крыло WD21 FL";"63113-94G32_неориг";5580;1
"кронштейн";"63182-95F0B";620;1
"накладка на крыло J10E FL";"63811-JD000_неориг";5270;1
"подкрылок T30 R";"63840-EQ000";3410;1
"подкрылок E11E L";"63841-9U20A";4712;1
"подкрылок T30 L";"63841-EQ000";3906;1
"подкрылок Z50";"63842-CA000";3100;1
"подкрылок J10E FL";"63843-JD00A";4030;1
"подкрылок T31";"63843-JG00A";3596;1
"брызговик Y60 FL";"63851-05J90";4030;1
"брызговик Y61 FL";"63851-VB085";4650;1
"брызговик Y61 пер лев";"63851-VD200";4678;1
"деталь";"63855-95F0A";806;1
"капот P11E";"65100-2J035_неориг";13640;1
"капот A32";"65100-43U30_неориг";17360;1
"трос капота";"65620-95F0A";1240;2
"трос капота";"65620-9Y800";1240;1
"держатель";"65722-01E00";155;8
"отбойник капота на панели";"65822-8H310";217;4
"отбойник капота на панели";"65829-50A00";310;2
"кронштейн";"68106-95F0F";2790;1
"стекло лобовое S50";"72712-CG000_неориг";13640;1
"деталь";"72752-95F0A";496;1
"молдинг";"72752-JD000";5580;1
"защита двигателя";"75890-CA000";7440;2
"защита S50";"75892-CL80A";7440;1
"защита двигателя B10RS FR";"75893-4M420";1426;1
"уплотнитель пер прав";"76801-95F0A";1550;1
"уплотнитель пер лев";"76802-95F0A";1550;1
"молдинг кузова N16E RR";"78128-8M140";1860;1
"молдинг кузова N16E RL";"78129-8M140";1860;1
"деталь";"78147-VB000";248;1
"брызговик R51M RL";"78811-EB300";3906;1
"кронштейн";"78818-95F0A";442;2
"брызговик";"78818-JD00A";744;1
"кронштейн";"78819-95F0A";620;1
"деталь";"78819-EL30A";620;1
"молдинг B10RS";"79750-95F0A";1240;1
"петля N14";"80400-62C00";1364;1
"петля (пер низ лев)";"80401-2J000";620;2
"замок";"80500-JG400";5208;1
"замок";"80501-JG400";5580;1
"замок";"80502-95F0A";2480;1
"личинка замка B10RS прав";"80600-95F0A";1550;1
"стеклоподъёмник P12 FL";"80771-BA20C";21080;1
"уплотнитель";"80820-95F0A";1736;1
"уплотнитель";"80821-95F0A";1550;1
"молдинг";"80877-8H300";1550;1
"датчик";"82007-19629";3100;2
"стекло B10RS";"82250-95F0A";2170;1
"стекло B10RS";"82253-95F0A";2170;1
"петля CA33 RR верх";"82400-2Y900";1953;1
"петля";"82400-95F0E";1116;3
"петля";"82400-95F0G";1116;2
"петля";"82400-95F0H";1116;2
"петля CA33 RL верх";"82401-2Y900";1953;1
"петля CA33 RL низ";"82421-4P00A";1240;4
"замок";"82500-9Y00A";9300;1
"замок двери";"82503-95F0A";4030;1
"ручка";"82606-EA502";2728;3
"ручка";"82607-EA502";2790;1
"молдинг двери B10RS RR";"82872-95F0A";1550;1
"молдинг двери B10RS RR";"82872-95F0G";2604;1
"молдинг двери B10RS RL";"82873-95F0G";1860;1
"замок багажника N16E";"84630-59C0C";1550;1
"уплотнитель";"84830-9Y00A";3100;1
"клипса";"84840-40U00";124;8
"эмблема P12 R";"84890-AU300";2170;1
"бампер B10RS R";"85022-95F0C";10230;2
"бампер P12E R";"85022-AU340";12400;1
"бампер P12E W";"85022-AU440";12400;1
"бампер N16E R Hb 0802-";"85022-BN700";8680;1
"заглушка";"85071-BR00A";310;2
"абсобер J10E";"85090-JD000";4960;1
"деталь";"85202-95F0B";620;1
"держатель бампера S51";"85210-1CA0A";2604;1
"деталь";"85210-95F0B";620;1
"кронштейн";"85220-1AA0A";2790;1
"кронштейн";"85221-1AA0A";2790;1
"клип";"85223-8H300";217;3
"деталь";"85228-9U000";930;1
"усилитель";"85250-95F0B";5456;1
"клипса";"85284-9Y000";124;8
"фильтр вентил сидений";"87383-CS015";2790;2
"петля";"90320-41G02";2108;2
"отбойник капота";"90878-AX600";192;2
"Эмблема задняя";"90890-EM30A";930;1
"кронштейн";"92114-4M400";186;1
"деталь";"92114-4M410";186;2
"подушка крепления радиатора";"92118-4M400";124;5
"датчик";"92136-1FA0A";2356;3
"трубка";"92440-95F0A";3100;1
"трубка";"92440-9U100";4030;1
"деталь";"92440-BN900";6200;1
"трубка";"92440-EL000";5270;1
"трубка";"92440-JG600";4340;1
"резинка";"92472-95F0A";62;2
"трубка";"92490-95F0B";3100;1
"муфта включения кондиц R50 A32(подш)";"92660-0W000_неориг";1860;1
"муфта";"92660-47U00_неориг";744;2
"муфта включения кондиц P10";"92660-62J01_неориг";1860;1
"накладка на крыло Y61";"93822-VB100";9176;1
"подушка";"95510-06J00";1674;2
"подушка";"95510-VB005";2480;2
"накладка под номер Z50";"96210-CC000";2790;1
"зеркало N15 элект БЕЗ подогрева";"96301-1N600_неориг";4030;1
"зеркало SC11X";"96301-EM14B_неориг";5022;1
"зеркало E11E L складывающееся";"96302-BH00C";12710;1
"зеркало J31 салонное";"96321-9Y000";2480;1
"зеркало(стекло)";"96365-95F0A";1240;1
"зеркало(стекло) R51";"96365-EB11A";2480;1
"зеркало(стекло)";"96365-JG05A";2294;1
"зеркало(стекло) с подогревом";"96366-95F0C";2170;1
"зеркальный элемент R51 L";"96366-EB11A";3100;1
"зеркало(стекло)";"96366-JD01B";2790;1
"брызговиков комплект S50 R";"999J2-EP000-04";3844;1
"масло трансмисионное АКПП S";"999MP-MTS00-P";1054;16
"комплект прокладок";"A0101-EN287";7440;1
"форсунка ZD30";"A6600-VG226";14570;2
"глушитель P10";"B001M-70J0EGA";5580;1
"Помпа RD28 Y61";"B1010-VB126";4836;1
"фара R20 L";"B6060-0F000_неориг";6820;1
"указатель поворота N14 R";"B6130-63C00_неориг";558;1
"указатель поворота J30 R";"B6130-89E00_неориг";806;1
"указатель поворота N14 L";"B6135-63C00_неориг";558;1
"противотуманка B10RS";"B6150-95F0A";4960;2
"противотуманка B10RS";"B6150-95F0B";4960;1
"противотуманка B10RS лев";"B6150-95F0B_неориг";3720;1
"противотуманка J10E";"B6A50-8990A";4030;1
"фильтр салона S51";"B7277-1CA1A";1054;1
"фильтр салона A";"B7277-EG01A";1550;4
"Фильтр салонный";"B7891-1FE0A";1736;1
"форсунка";"B8930-15A00";682;2
"сальник";"C8189-N3100";620;2
"пыльник шрус";"C9241-JA00A";2604;1
"пыльник шрус";"C9241-JA00A_неориг";1550;2
"пыльник шрус";"C92DA-JA00A";2170;1
"пыльник шруса";"C9741-EB31B";3720;1
"пыльник шрус";"C9741-JA00A_неориг";1550;2
"пыльник шруса";"C9741-JD0JB";2480;1
"колодки тормозные Y62 пер";"D1060-1LB2B";4340;1
"колодки тормозные";"D1060-3JA0A";7130;2
"колодки тормозные L50";"D1060-3JA0A_неориг";2604;1
"колодки тормозные L33R";"D1060-3TA0A";6014;2
"колодки";"D1060-4EA0A";3100;2
"колодки";"D1060-4EA0A_неориг";1240;1
"колодки тормозные";"D1060-57GXM";3720;1
"колодки тормозные R51M";"D1060-9FE0A";7130;1
"колодки тормозные K12E";"D1060-BH40A";2480;1
"колодки тормозные J10E ms2546";"D1060-JD00A_неориг";1240;1
"колодки тормозные S51";"D1060-JL00K";3720;1
"колодки тормозные J32 пер";"D1060-JN00A";5704;1
"колодки тормозные Y61 F";"D1060-VB2XM";4030;1
"колодки тормозные";"D1060-ZC0X7";6510;1
"рем набор суппорта";"D1120-JL00A";3100;1
"направляющие суппорта";"D1139-AX60A";1426;1
"колодки тормозные Y62 зад";"D4060-1LB8E_неориг";2170;1
"колодки тормозные";"D4060-4EA0A";1550;2
"колодки MK-1503";"D4060-8H725";4650;1
"колодки тормозные N16E";"D4060-8M126";4030;1
"колодки тормозные JA60 зад";"D4060-9FE0A";5890;1
"колодки тормозные P10 2.0 зад";"D4060-BM40A";3844;1
"колодки тормозные Z50 ручник";"D4060-CA01A";5580;1
"колодки тормозные S51";"D4060-JL00J";3410;2
"пластины противошумные";"D4080-EG50C";2790;1
"рем набор суппорта";"D4120-01A01";3100;1
"рем набор суппорта 43mm 5588077K00";"D4120-AR000";2790;3
"карданчик руля";"D8080-9U00D";8494;1
"наконечник рулевой тяги T30/R50";"D8520-0P725";2418;1
"наконечник рулевой тяги";"D8520-1CA0B_CTR";620;1
"наконечник рулевой тяги";"D8520-1KA0A_неориг";930;1
"наконечник рулевой тяги J31";"D8520-9Y025";2480;1
"наконечник рулевой тяги";"D8520-AL525";3410;1
"наконечник рулевой тяги Z50 08.04.-";"D8520-CB025";3100;2
"наконечник рулевой тяги C11X 04- R";"D8520-EW00A_неориг";1240;1
"наконечник рулевой тяги J32";"D8520-JA00A_неориг";868;1
"наконечник рулевой тяги D22";"D8520-VK90A_неориг";930;1
"шарнир рулевой Z51";"D8521-1CA0A_неориг";620;2
"шарнир рулевой J32";"D8521-JA00A_неориг";992;1
"наконечник рулевой тяги";"D8640-1CA0B_CTR";620;1
"наконечник рулевой тяги";"D8640-1KA0A_неориг";930;1
"наконечник рулевой тяги J31";"D8640-9Y025";2170;1
"наконечник рулевой тяги C11X 04- L";"D8640-EW00A_неориг";1240;1
"наконечник рулевой тяги J32";"D8640-JA00A_неориг";930;1
"тяга рулевая средняя Y61";"D8680-VS41A";13640;1
"амортизатор C11X";"E4302-EC80A_неориг";3410;2
"амортизатор J32 FR";"E4302-JN00D";14260;1
"амортизатор Z50";"E4303-CC40A";16740;1
"амортизатор C11X";"E4303-EC80A_неориг";3410;1
"амортизатор J32 FL";"E4303-JN00D";14260;1
"тяга";"E4582-VB000";9610;1
"амортизатор Z50";"E4C02-CC40A";16740;1
"амортизатор S50 ЕВР";"E4C03-CM80A";18600;1
"амортизатор S51";"E6210-1CA0A";8680;2
"амортизатор J10E зад";"E6210-1DA1B";4836;2
"амортизатор E11E зад";"E6210-9U00C";5890;2
"амортизатор J31 зад";"E6210-9Y026";4340;2
"амортизатор S50 ЕВР зад";"E6210-CL00J";7440;2
"амортизатор S50 ЕВР зад";"E6210-CL70J";8680;2
"амортизатор J10E зад JGT1040T";"E6210-JD02A_неориг";4216;1
"амортизатор V36 зад";"E6210-JK50C";8680;2
"бампер R51M FR";"F2022-EB440";27280;1
"крыло J10E FR";"F3100-JD0M0";9610;1
"брызговиков комплект J31 полный";"F38E0-9W79B";7316;2
"брызговик Y61 пер прав";"F3H50-VB085";4340;1
"брызговик Y61 пер лев";"F3H51-VB085";4340;1
"бампер N16 R S";"H5M22-8M125";9300;1
"деталь";"K6374-9Y001";2480;1
"лампа H11";"KE260-89110_неориг";434;1
"лампа H1";"KE260-89910";434;4
"брызговик B10RS пер";"KE788-95F85";1550;1
"брызговик B10RS зад";"KE788-95F86";1550;1
"брызговик E11E зад";"KE788-9U586";2108;1
"масло моторное 5W40 1л.";"KE900-90032";558;2
"масло моторное 5W30 DPF 1L";"KE900-90033-R";620;2
"масло моторное";"KE900-90043-R";4495;1
"антифриз";"KE902-99935";310;14
"антифриз";"KE902-99945";1240;5
"масло трансмисионное GL5 1л";"KE907-99932";620;4
"масло трансмисионное АКПП D";"KE908-99931";607;18
"масло трансмисионное АКПП J";"KE908-99932";744;33
"масло трансмисионное MCVT";"KE909-99943";3720;1
"масло трансмисионное GL4 1л";"KE916-99932";620;6
"масло моторное ""Strong Save-X 5W-30"", 4л полусинтетическое";"KLAN3-05304";1860;1
"масло трансмисионное MCVT NS2 4л";"KLE52-0000403";3224;2
"деталь";"KLG01-00501-EU";3100;1
"жидкость омывателя -30С";"KS920-90040_неориг";434;1
"сальник";"M9062-0020P";620;2
