"Title";"orig_number";"Код не ориг";"price";"ostatok"
"амортизатор B10RS ,B15";"56210-95F0B_неориг";1950;"1560.00";2
"амортизатор C11X";"E4302-EC80A_неориг";4750;"3575.00";2
"амортизатор C11X";"E4303-EC80A_неориг";4750;"3575.00";1
"амортизатор D21 Front";"56110-35GX5";" ";"2600.00";2
"амортизатор E11E FL 333748";"54303-9U025_неориг";3750;"3575.00";2
"амортизатор E11E FR 333747";"54302-9U025_неориг";3750;"5525.00";1
"амортизатор E11E R 343810";"56210-9U025_неориг";2150;"1690.00";2
"амортизатор E11E зад";"E6210-9U00C";" ";"6175.00";2
"амортизатор E24 Rear";"56210-01N26_неориг";" ";"2275.00";2
"амортизатор FX";"54302-CG725";" ";"16250.00";1
"амортизатор FX";"54303-CG725";" ";"16250.00";1
"амортизатор J10E зад";"E6210-1DA1B";" ";"5070.00";2
"амортизатор J10E зад JGT1040T";"E6210-JD02A_неориг";" ";"4420.00";1
"амортизатор J31 зад";"E6210-9Y026";" ";"4550.00";2
"амортизатор J32 FL";"E4303-JN00D";12750;"14950.00";1
"амортизатор J32 FR";"E4302-JN00D";12750;"14950.00";1
"амортизатор JA60";"56200-ZV65A";" ";"15600.00";2
"амортизатор M12";"56210-WF126";"56210-WA626";"4875.00";1
"амортизатор P10/P11 Front";"56110-90J86_неориг";" ";"2600.00";2
"амортизатор P12 FL 331015";"54303-AV425_неориг";3800;"5980.00";1
"амортизатор P12 FR 331014";"54302-AV425_неориг";3800;"5980.00";1
"амортизатор S50";"54302-CG725_неориг";" ";"8775.00";1
"амортизатор S50";"54303-CG725_неориг";" ";"8775.00";1
"амортизатор S50 ЕВР";"E4C03-CM80A";" ";"19500.00";1
"амортизатор S50 ЕВР зад";"E6210-CL00J";" ";"7800.00";2
"амортизатор S50 ЕВР зад";"E6210-CL70J";" ";"9100.00";2
"амортизатор S51";"E6210-1CA0A";" ";"9100.00";2
"амортизатор V36 зад";"E6210-JK50C";" ";"9100.00";2
"амортизатор WD21 Front";"56110-46G25";" ";"3575.00";4
"амортизатор WD21 Rear";"56210-45GXE";4100;"3055.00";2
"амортизатор WP11E зад";"56210-8F825";" ";"5850.00";2
"амортизатор Y60 Rear";"56210-01JXE";" ";"5200.00";2
"амортизатор Y60 пер";"56110-01JXE";" ";"3770.00";4
"амортизатор Z50";"E4303-CC40A";" ";"17550.00";1
"амортизатор Z50";"E4C02-CC40A";" ";"17550.00";1
"амортизатор рул/тяги WD21";"48611-01G00";" ";"4225.00";1
"антенна-жало";"28215-89906";" ";"3250.00";1
"антенна-жало A32";"28215-0E006";" ";"3250.00";1
"антенна-жало T30";"28215-8H700";" ";"1950.00";1
"антифриз";"KE902-99935";400;"325.00";15
"антифриз";"KE902-99945";1650;"1300.00";1
"бампер B10RS F";"62651-95F0B";" ";"12350.00";1
"бампер B10RS R";"85022-95F0C";"-1 П2";"10725.00";2
"бампер J32 F";"62022-JN90H_неориг";" ";"9100.00";1
"бампер N14 F серый";"62022-50C25_неориг";" ";"4128.00";1
"бампер N16 R S";"H5M22-8M125";"85022-8M125";"9750.00";1
"бампер N16E R Hb 0802-";"85022-BN700";" ";"9100.00";1
"бампер P11Е F";"62022-2J025_неориг";" ";"6500.00";1
"бампер P12E R";"85022-AU340";" ";"13000.00";1
"бампер P12E W";"85022-AU440";" ";"13000.00";1
"бампер R51M FR";"F2022-EB440";" ";"28600.00";1
"бампер T31";"62022-JG44H";" ";"14300.00";1
"барабан тормозной B10RS";"43200-95F0C";" ";"5200.00";4
"бачок воздухозабора B10RS";"16585-6N000";" ";"3575.00";1
"бачок главн сцеп";"46090-95F0A";" ";"1755.00";1
"бачок ГУР B10RS";"49115-95F0B";" ";"1300.00";1
"бачок омывателя";"28910-EM00A";" ";"10400.00";1
"бачок омывателя";"28910-JG600";" ";"11050.00";1
"бачок омывателя B10RS";"27480-95F0A";" ";"3900.00";1
"бачок радиатора кондиционера";"27640-95F0A";" ";"5200.00";1
"бачок расширительный";"21710-ED000";" ";"1625.00";1
"бачок расширительный B10RS";"21710-95F0A";" ";"2600.00";1
"бачок расширительный N16E";"21710-4U000";" ";"2600.00";1
"бензонасос J10E";"17040-JD01A";" б/у 6500";"15600.00";1
"бензонасос J10E 4WD 17040-JD02A";"17040-JD00A";"   17500 !!!";"15600.00";1
"болт";"54618-02E00";" ";"1170.00";2
"болт";"08024-6851A";" ";"390.00";2
"болт";"11056-4M500";" ";"293.00";10
"болт";"55226-0C700";" ";"715.00";4
"болт";"20074-95F0A";450;"406.00";7
"болт";"11056-AR002";" ";"260.00";20
"болт";"55226-CA00A";" ";"455.00";4
"болт";"11928-95F0B";" ";"325.00";1
"болт";"55226-AG01A";" ";"325.00";2
"болт";"01125-S218E";"-1 в п2";"325.00";3
"болт";"11916-95F0A";" ";"130.00";4
"болт";"54216-31G0A";" ";"390.00";1
"болт";"55226-EN10B";" ";"520.00";2
"болт";"55226-CG01A";" ";"520.00";2
"болт в колесо E11E";"40222-BC40A_неориг";100;"325.00";4
"брызговик";"78818-JD00A";" ";"780.00";1
"брызговик B10RS зад";"KE788-95F86";" ";"1625.00";1
"брызговик B10RS пер";"KE788-95F85";" ";"1625.00";1
"брызговик E11E зад";"KE788-9U586";" ";"2210.00";1
"брызговик R51M RL";"78811-EB300";" ";"4095.00";1
"брызговик Y60 FL";"63851-05J90";" ";"4225.00";1
"брызговик Y61 FL";"63851-VB085";" ";"4875.00";1
"брызговик Y61 пер лев";"63851-VD200";" ";"4905.00";1
"брызговик Y61 пер лев";"F3H51-VB085";" ";"4550.00";1
"брызговик Y61 пер прав";"F3H50-VB085";" ";"4550.00";1
"брызговиков комплект J31 полный";"F38E0-9W79B";" ";"7670.00";2
"брызговиков комплект S50 R";"999J2-EP000-04";" ";"4030.00";1
"вал";"38230-CA000";" ";"22750.00";1
"вал левый";"39101-4M410";" ";"18200.00";1
"вал левый c АБС механика";"39101-4M410_неориг";" ";"12350.00";1
"вал правый";"39100-95F0B";" ";"18200.00";1
"вал правый с АБС автомат";"39100-95F0B_неориг";" ";"9750.00";1
"вилка сцепления";"30531-7F000";" ";"3120.00";1
"вкладыши CA18 CA20";"12118-D0200_неориг";" ";"845.00";1
"вкладыши SR20";"12111-1N501";" ";"338.00";8
"вкладыши коренные";"12280-95F0B";" ";"325.00";2
"вкладыши коренные L28";"12207-73400_неориг";" ";"1820.00";1
"вкладыши коренные QG 1.5 / 1.8";"12207-4M50A";" ";"358.00";3
"вкладыши коренные SR20";"12207-60J00";" ";"650.00";5
"вкладыши коренные Е-15 STD";"12207-01M00_неориг";" ";"1300.00";1
"вкладыши кореные P40 M073";"12207-C6001_неориг";" ";"1820.00";1
"вкладыши шатунные P40 R072 комп";"12111-58010_неориг";"R072";"1300.00";1
"вкладыши шатунные QG";"12111-4M51A";" ";"325.00";8
"вкладыши шатунные QR20DE";"12111-6N200";250;"130.00";2
"вкладыши шатунные VQ35DE";"12111-4W000";" ";"325.00";12
"вкладыши шатунные ZD30DDTI";"12111-2W20A";"12111-2W200";"390.00";2
"вкладыши шатунныеСА20 CA18 CD17 +0,5";"12115-D2800_неориг";" ";"910.00";1
"втулка";"41130-21C00";"-2 в П3";"650.00";1
"втулка";"54559-2S40A";300;"1300.00";8
"втулка";"43098-EB30A";1850;"975.00";3
"выключатель";"25411-0V00A";" ";"2080.00";1
"выключатель  концевик";"25360-4M400";" ";"520.00";2
"выключатель  концевик";"25360-AD000";" ";"650.00";4
"выключатель внутрисалоного света (Y60 кроме водит двери)";"25360-10V00";" ";"1170.00";2
"выключатель концевик";"25360-41L01";" ";"780.00";3
"габарит K10 L -1188";"26145-01B75_неориг";"215-1556L";"520.00";1
"габарит K10 L 1188-";"26175-22B00_неориг";"215-1550L";"520.00";1
"габарит K10 R -1188";"26140-01B75_неориг";"215-1556R";"520.00";1
"габарит K10 R 1188-";"26170-22B00_неориг";"215-1551R";"520.00";1
"гайка";"01223-S203E";150;"130.00";8
"гайка";"40262-4M400";" ";"195.00";2
"гайка";"43262-4M400";" ";"189.00";2
"гайка";"40178-JG00A";" ";"325.00";10
"гайка";"11934-31U0B";" ";"325.00";2
"гайка";"40780-JA01B";" ";"195.00";5
"гайка";"40262-2Y00A";" ";"325.00";3
"гайка колеса";"40224-21001";" ";"65.00";30
"гайка колесные";"40224-JK00A";"M2  300";"325.00";4
"генератор B10RS";"23100-95F0A";" ";"17550.00";1
"гидрокомпенсатор";"13231-40L05";" ";"1820.00";2
"гидрокомпенсатор";"13231-V7215_неориг";" ";"1040.00";4
"глушитель N13 FP";"20010-88A01_неориг";"096-3158";"9100.00";1
"глушитель P10";"B001M-70J0EGA";" ";"5850.00";1
"глушитель P10 задн часть SR20";"20100-71J01_неориг";" ";"4225.00";1
"глушитель P11";"20100-3J300KE";"B010M-3J300CB";"8125.00";1
"горловина B10RS";"28916-95F0A";" ";"390.00";2
"датчик";"25080-89903";" ";"1625.00";1
"датчик";"22630-51E02";" ";"1625.00";1
"датчик";"25080-89907";-1;"975.00";1
"датчик";"22680-7J600";" ";"20800.00";1
"датчик";"22680-AW400";"22680-7S000";"11700.00";1
"датчик";"92136-1FA0A";" ";"2470.00";3
"датчик";"25320-4M400";" ";"715.00";1
"датчик";"25320-4M405";" ";"195.00";4
"датчик";"27722-31U00";" ";"1495.00";1
"датчик";"82007-19629";" ";"3250.00";2
"датчик АБС";"47910-0L700";" ";"9750.00";2
"датчик АБС";"47900-JG200";" ";"7800.00";1
"датчик АВС";"47910-CA000";" ";"7800.00";1
"датчик АВС";"47910-1AA0B";2500;"2600.00";1
"датчик АВС B10RS";"47900-95F0A";" ";"3575.00";1
"датчик АВС B10RS зад прав";"47900-95F0B";" ";"3575.00";1
"датчик АВС B10RS пер";"47910-95F0A";" ";"2275.00";2
"датчик АВС C11X перед";"47910-ZR70A_неориг";" ";"1950.00";1
"датчик АВС D40M зад лев";"47901-EB300";" ";"9750.00";1
"датчик АВС J31 зад лев";"47901-9Y00A";" ";"7930.00";1
"датчик АВС J31 пер лев";"47911-9Y000";" ";"7150.00";1
"датчик АВС J31 пер прав";"47910-9Y000";" ";"7150.00";1
"датчик АВС J32";"47910-JN00A";" ";"7150.00";1
"датчик АВС K12E";"47910-AX610_неориг";1500;"1300.00";1
"датчик АВС S50";"47910-CG00A_неориг";" ";"2275.00";1
"датчик АВС T30";"47900-EQ01A";" ";"7800.00";1
"датчик АВС T31 пер";"47910-JG000_неориг";" ";"1885.00";1
"датчик детонации";"22060-30P00";3500;"4063.00";2
"датчик детонации";"22060-7S000";" ";"3250.00";1
"датчик дроссельной заслонки";"22620-95F0A";" ";"3575.00";1
"датчик кислорода";"226A0-ET000";" ";"4550.00";1
"датчик кислорода";"22693-JA00B";"черн провод";"14885.00";2
"датчик кислорода";"22690-2A000_неориг";" ";"4875.00";1
"датчик кислорода";"22690-2A010_неориг";" ";"4875.00";1
"датчик кислорода CA33";"226A1-4L715";" ";"5850.00";1
"датчик кислорода P12E";"226A0-AU011";6500;"6500.00";1
"датчик кислорода Z50";"22693-7Y020";" ";"6500.00";1
"датчик масла";"25240-89960";" ";"910.00";2
"датчик масла";"25240-95F0A";" ";"878.00";1
"датчик масла Y61";"25240-4M40E";" ";"780.00";2
"датчик масла1";"25240-8996E";" ";"780.00";2
"датчик положения коленвала";"23731-ED02A";" ";"2730.00";1
"датчик положения коленвала";"23731-95F0B";" ";"2405.00";9
"датчик положения коленвала";"23731-JA11B";" ";"2275.00";2
"датчик температуры";"22630-44B20";1650;"1138.00";3
"датчик тормозной (лягушка)";"25325-95F0A";" ";"1625.00";2
"датчик уровня топлива ZD30DDTI";"25060-VB412";" ";"11700.00";1
"датчик(сам датчик) 22680-7S00A";"22680-7S000";"-1в П2";"5980.00";3
"дворник";"28890-3JA0A";2100;"1950.00";1
"дворник";"28890-3JA1A";2100;"1950.00";1
"дворник B10RS вод";"28890-95F0C";"M1  850";"650.00";2
"дворник C11X";"28890-EM31A";" ";"1300.00";2
"дворник C11X KE288-89960AG";"28891-EM00A";" ";"1625.00";1
"дворник J10E вод";"28890-JD90C";850;"715.00";1
"дворник J10E пасс";"28890-JD91C";950;"650.00";1
"дворник J31 475mm";"28890-9W110";"KE288-89927BB";"1040.00";4
"дворник J50 450mm";"28890-1BA1A";1450;"975.00";1
"дворник T31";"28891-JG400";" ";"1235.00";6
"дворник Z50";"28890-CC00B";"650mm";"2600.00";1
"дворник Z50";"28890-CC01B";"450mm";"1841.00";1
"дворник Z51 650 11год";"28890-1AA0A";2250;"1950.00";1
"дворник на фару";"28679-VB200";" ";"910.00";1
"держатель";"65722-01E00";100;"163.00";8
"держатель бампера";"62222-JG000";" ";"520.00";1
"держатель бампера C11X";"62663-EM00A";" ";"5395.00";1
"держатель бампера P11E";"62210-2J030_неориг";" ";"975.00";1
"держатель бампера S51";"85210-1CA0A";" ";"2730.00";1
"деталь";"56200-2W5X5";"56200-2W525";"5720.00";2
"деталь";"63855-95F0A";" ";"845.00";1
"деталь";"72752-95F0A";" ";"520.00";1
"деталь";"78147-VB000";" ";"260.00";1
"деталь";"92114-4M410";" ";"195.00";2
"деталь";"92440-BN900";9000;"6500.00";1
"деталь";"41120-4N026";" ";"2786.00";1
"деталь";"20695-CN000";" ";"1170.00";1
"деталь";"62044-95F0B";" ";"650.00";1
"деталь";"85202-95F0B";" ";"650.00";1
"деталь";"85210-95F0B";" ";"650.00";1
"деталь";"62046-95F0A";" ";"520.00";3
"деталь";"85228-9U000";" ";"975.00";1
"деталь";"62047-95F0A";" ";"520.00";3
"деталь";"49718-95F0A";" ";"5525.00";2
"деталь";"16526-95F0A";" ";"3055.00";1
"деталь";"62225-EM30A";650;"585.00";2
"деталь";"41120-VC225";" ";"2600.00";1
"деталь";"44120-VC225";" ";"2600.00";1
"деталь";"K6374-9Y001";" ";"2600.00";1
"деталь";"15066-6N201";300;"325.00";5
"деталь";"15066-6N202";" ";"195.00";1
"деталь";"15066-6N204";" ";"195.00";2
"деталь";"28790-JY00A";" ";"650.00";3
"деталь";"17017-95F0A";"M1 750";"650.00";2
"деталь";"78819-EL30A";" ";"650.00";1
"деталь";"KLG01-00501-EU";3750;"3250.00";1
"деталь";"44140-JA01A_ремкомпле";800;"1300.00";2
"диск сцепления";"30100-33MX6";" ";"2925.00";1
"диск сцепления";"30100-13EX6";" ";"3900.00";1
"диск сцепления";"30100-95F0B";"30100-53JX5";"4550.00";2
"Диск сцепления RD28";"30100-VB31A";" ";"8450.00";1
"Диск тормозной";"43206-CA000";" ";"6500.00";1
"диск тормозной";"43206-4U101_неориг";" ";"1300.00";1
"Диск тормозной";"40206-1LB1A";" ";"4550.00";2
"Диск тормозной";"43206-JL00A";" ";"6955.00";2
"Диск тормозной";"40206-3JA0A_Nibk";6750;"4550.00";2
"Диск тормозной";"40206-3JA0A_неориг";6000;"3900.00";2
"диск тормозной A32 Rear";"43206-4U001";" ";"5200.00";2
"диск тормозной A32 Rear";"43206-4U001_неориг";1650;"1365.00";2
"Диск тормозной C11X";"43206-EM10A";" ";"5265.00";4
"Диск тормозной C11X";"40206-EM10A_неориг";"  трв2500";"2535.00";2
"Диск тормозной C11X";"43206-EM10A_неориг";1850;"1820.00";4
"Диск тормозной C11X N3301098";"40206-EM10A";" ";"5265.00";2
"Диск тормозной D40M";"40206-EB300_неориг";3000;"3900.00";2
"Диск тормозной EX35";"43206-JK600";6250;"5525.00";2
"диск тормозной F";"40206-VB000";8400;"6500.00";2
"Диск тормозной J10E зад";"43206-JD00A_неориг";1750;"1755.00";4
"Диск тормозной J11E";"40206-4EA0A_неориг";" ";"3250.00";2
"Диск тормозной J31";"40206-9J400_неориг";" ";"4420.00";2
"Диск тормозной JA60";"43206-7S000";" ";"9750.00";2
"Диск тормозной JJ10E 4WD";"40206-ET01A";5250;"4875.00";2
"Диск тормозной JJ10E 4WD";"40206-ET01A_неориг";2850;"1950.00";2
"диск тормозной K12E F";"40206-AX600";" ";"3575.00";2
"диск тормозной P10 F BRDT09544910";"40206-93J01_неориг";"М2  1500";"1950.00";2
"диск тормозной P10E";"40206-93J01";" ";"4225.00";2
"диск тормозной P12E CA33 T30";"40206-4U107";" ";"5720.00";2
"Диск тормозной R50";"40206-6W500_неориг";" ";"2925.00";2
"Диск тормозной R51 зад";"43206-EB300";" ";"4940.00";2
"Диск тормозной S50";"40206-CG010_неориг";3500;"3250.00";2
"Диск тормозной S50";"43206-CA000_неориг";2000;"2795.00";2
"Диск тормозной S50";"40206-CL70A";" ";"3250.00";2
"Диск тормозной S51 VK50VE";"43206-1CA0A";" ";"6500.00";2
"Диск тормозной TA60";"40206-ZC00B";" ";"10400.00";2
"диск тормозной WD21 F 09.5055.10";"40206-31G01_неориг";" ";"1950.00";2
"диск тормозной Y61";"40206-VC200";4200;"6500.00";2
"Диск тормозной Z62";"40206-1LA2A";6150;"5850.00";2
"диффузор в сб  B10RS";"21590-95F0A_неориг";" ";"9750.00";1
"диффузор в сб B10RS";"21590-95F0A";" ";"15600.00";1
"диффузор в сб N15";"21481-0M002_неориг";" ";"9750.00";1
"дроссельный узел";"16118-95F0C";" ";"24700.00";1
"жидкость омывателя -30С";"KS920-90040_неориг";450;"455.00";2
"жидкость тормозная DOT4 1л";"KE903-99932";650;"455.00";12
"заглушка";"622A0-JG44H";" ";"715.00";1
"заглушка";"85071-BR00A";" ";"325.00";2
"заглушка бампера";"622A0-BN700";" ";"1300.00";2
"замок";"82500-9Y00A";" ";"9750.00";1
"замок";"80502-95F0A";" ";"2600.00";1
"замок";"80500-JG400";" ";"5460.00";1
"замок";"80501-JG400";" ";"5850.00";1
"замок багажника N16E";"84630-59C0C";" ";"1625.00";1
"замок двери";"82503-95F0A";" ";"4225.00";1
"защита S50";"75892-CL80A";" ";"7800.00";1
"защита двигателя";"75890-CA000";" ";"7800.00";2
"защита двигателя B10RS FR";"75893-4M420";" ";"1495.00";1
"зеркало E11E L складывающееся";"96302-BH00C";" ";"13325.00";1
"зеркало J31 салонное";"96321-9Y000";" ";"2600.00";1
"зеркало N15 элект БЕЗ подогрева";"96301-1N600_неориг";"черное";"4225.00";1
"зеркало SC11X";"96301-EM14B_неориг";" ";"5265.00";1
"зеркало(стекло)";"96365-95F0A";" ";"1300.00";1
"зеркало(стекло)";"96365-JG05A";" ";"2405.00";1
"зеркало(стекло)";"96366-JD01B";" ";"2925.00";1
"зеркало(стекло) R51";"96365-EB11A";" ";"2600.00";1
"зеркало(стекло) с подогревом";"96366-95F0C";2700;"2275.00";1
"зеркальный элемент R51 L";"96366-EB11A";" ";"3250.00";1
"интеркулер";"14461-JG70C";" ";"19500.00";1
"капот A32";"65100-43U30_неориг";" ";"18200.00";1
"капот P11E";"65100-2J035_неориг";" ";"14300.00";1
"карданчик руля";"48080-8M100";" ";"6825.00";1
"карданчик руля";"D8080-9U00D";" ";"8905.00";1
"катафот J10E";"26560-BR00A";" ";"1300.00";1
"катушка зажигания";"22448-2Y001";" ";"3575.00";1
"катушка зажигания";"22448-2Y007";4500;"4225.00";1
"катушка зажигания";"22448-4W010";" ";"5005.00";2
"катушка зажигания";"22448-AX001";" ";"4225.00";1
"катушка зажигания";"22448-AA100";" ";"3575.00";2
"катушка зажигания";"22448-JA10C";" ";"3250.00";2
"катушка зажигания";"22448-1LA0A";" ";"2275.00";2
"катушка зажигания";"22448-1LA0B";" ";"2275.00";2
"катушка зажигания";"22448-6N015_неориг";2800;"1625.00";1
"клапан";"13202-31U00";" ";"1105.00";4
"клапан";"13202-AU300";" ";"1885.00";6
"клапан";"13201-95F0B";" ";"455.00";10
"клапан";"13202-95F0B";" ";"845.00";10
"клапан";"13201-JG30A";" ";"975.00";8
"клапан";"13202-ED00C";" ";"975.00";4
"клапан";"13201-ED00C";" ";"975.00";8
"клапан QG";"13201-AU300";"где??";"1105.00";5
"клапан QG15DE";"13202-BM500";" ";"1690.00";7
"Клапан ваккумной системы";"14956-EB70B";7500;"7800.00";1
"клапан впуск";"13201-0Y000";"филь 15208-40L00";"845.00";5
"клапан контр";"11810-6N202";" ";"1040.00";2
"клапан контр";"11810-41B02";1550;"1300.00";2
"клапан контр";"11810-95F0A";" ";"1625.00";1
"Клапан системы рециркуляции";"14956-00Q1K";" ";"3250.00";2
"клип";"85223-8H300";" ";"228.00";3
"клип";"01553-08541";" ";"65.00";9
"клип";"01553-09241";" ";"98.00";8
"клип";"01553-95F1H";" ";"65.00";9
"клипса";"85284-9Y000";" ";"130.00";8
"клипса";"01658-02091";" ";"130.00";4
"клипса";"84840-40U00";" ";"130.00";8
"клипса";"62224-JG000";" ";"325.00";1
"колектор";"14004-CA000";" ";"7150.00";1
"колодки";"D1060-4EA0A";" ";"3250.00";1
"колодки MK-1503";"D4060-8H725";"р/компл 1987475311";"4875.00";1
"колодки тормозные";"41060-6N0X1";" ";"3250.00";2
"колодки тормозные";"D1060-57GXM";" ";"3900.00";1
"колодки тормозные";"41060-AX086_неориг";1350;"1365.00";1
"колодки тормозные";"44060-4N028";" ";"6500.00";1
"колодки тормозные";"D1060-ZC0X7";" ";"6825.00";1
"колодки тормозные";"44060-CY025_неориг";"1650+рем/к  1000р !!";"975.00";1
"колодки тормозные";"D1060-3JA0A";" ";"7475.00";2
"колодки тормозные";"44060-EB327_неориг";2700;"2925.00";1
"колодки тормозные";"D4060-4EA0A";" ";"1625.00";3
"колодки тормозные A32 W10 R";"44060-31UX2";" ";"3575.00";2
"колодки тормозные A32.W10 R диск";"44060-31U92_неориг";1350;"1560.00";1
"колодки тормозные B10RS";"41060-95F0B";" ";"3250.00";1
"колодки тормозные B10RS";"44060-95F0A_неориг";1350;"1040.00";1
"колодки тормозные C11X";"44060-CY025";"Mпол к-та  1500";"5980.00";1
"колодки тормозные D22 зад";"D4060-0W71A";" ";"5850.00";1
"колодки тормозные J10E";"D1060-JD00J_неориг";2550;"2145.00";2
"колодки тормозные J10E ms2546";"D1060-JD00A_неориг";1800;"1300.00";2
"колодки тормозные J32 пер";"D1060-JN00A";"-1в П3 2750";"5980.00";3
"колодки тормозные JA60 зад";"D4060-9FE0A";" ";"6175.00";1
"колодки тормозные K10 R";"44060-28B25_неориг";" ";"975.00";1
"колодки тормозные K11E R (дисков.)";"44060-99B25_неориг";" ";"975.00";2
"колодки тормозные K12E";"D1060-BH40A";3350;"2600.00";1
"колодки тормозные K12E E11E";"D1060-AX61F_неориг";1500;"1625.00";1
"колодки тормозные L33R";"D1060-3TA0A";" ";"6305.00";2
"колодки тормозные L50";"D1060-3JA0A_неориг";4500;"2730.00";1
"колодки тормозные N14 F";"41060-50Y94_неориг";" ";"1300.00";1
"колодки тормозные N14 F SR20";"41060-54C87_неориг";" ";"1755.00";2
"колодки тормозные N15 R";"44060-0M890_неориг";" ";"1300.00";2
"колодки тормозные N16E";"D4060-8M126";" ";"4225.00";1
"колодки тормозные P10 2.0 зад";"D4060-BM40A";" ";"4030.00";1
"колодки тормозные P11 R";"44060-3J325_неориг";" ";"1690.00";1
"колодки тормозные P12E/V10M";"41060-AV126";" ";"4875.00";1
"колодки тормозные R20 R";"44060-0F026_неориг";" ";"2600.00";1
"колодки тормозные R20 зад";"44060-0X825_неориг";" ";"3250.00";1
"колодки тормозные R20 пер";"41060-9C526_неориг";1500;"650.00";1
"колодки тормозные R51";"41060-EB325";3350;"5330.00";3
"колодки тормозные R51";"44060-EB325";3500;"3055.00";2
"колодки тормозные R51";"44060-EB325_неориг";1200;"1170.00";1
"колодки тормозные R51 супер";"41060-EB326_неориг^";3150;"3120.00";2
"колодки тормозные R51M";"D1060-9FE0A";8300;"7475.00";1
"колодки тормозные R51M ручник";"44060-EA026";" ";"5850.00";1
"колодки тормозные S13 R";"44060-44F85_неориг";"481-21341";"1755.00";1
"колодки тормозные S51";"D1060-JL00K";" ";"3900.00";1
"колодки тормозные S51";"D4060-JL00J";" ";"3575.00";2
"колодки тормозные T30 зад";"44060-8H3X5_неориг";" ";"780.00";2
"колодки тормозные U11 R -86";"44060-Q0125_неориг";" ";"1300.00";1
"колодки тормозные W10.M11.S13";"41060-80N90_неориг";1200;"1625.00";1
"колодки тормозные Y61 F";"D1060-VB2XM";" ";"4225.00";1
"колодки тормозные Y62 зад";"D4060-1LB8E_неориг";2750;"2275.00";1
"колодки тормозные Y62 пер";"D1060-1LB2B";" ";"4550.00";1
"колодки тормозные Z32 F";"41060-37P91_неориг";"481-22986";"2600.00";1
"колодки тормозные Z50 ручник";"D4060-CA01A";" ";"5850.00";1
"колодки тормозные ЗАД";"D4M60-EG50C_неориг";2000;"1300.00";3
"колпачок";"28782-JG000";" ";"390.00";1
"кольца поршневые CD20T";"12033-1C300";" ";"7800.00";1
"кольцо";"16625-05E00";"-6 на складе";"195.00";10
"кольцо";"16635-16A00";" ";"98.00";12
"кольцо";"16626-V0702";" ";"98.00";9
"кольцо";"16625-43G02";" ";"98.00";6
"кольцо";"16626-54T00";" ";"130.00";8
"кольцо";"16781-AD205";" ";"325.00";3
"комплект ГРМ G15RA";"16806-00Q0L";6200;"3185.00";1
"комплект прокладок";"A0101-EN287";"R1 12500  -1в П2";"7800.00";1
"комплект прокладок CD17";"10101-16A25_неориг";" ";"2275.00";1
"комплект прокладок CD20";"10101-74N28_неориг";" ";"4550.00";1
"комплект прокладок GA14S";"10101-87A25_неориг";" ";"1950.00";1
"комплект прокладок GA16S";"10101-88A25_неориг";" ";"2470.00";1
"комплект прокладок L20";"10101-23L26_неориг";" ";"1820.00";1
"Комплект прокладок P40";"10101-C6025_неориг";" ";"2925.00";1
"комплект прокладок QG18";"10101-8M025_неориг";" ";"3900.00";1
"Комплект сцепления 1878 600 635";"30300-CR14B";"диск 30100-BC00A";"13000.00";1
"комплект сцепления GA16 801515";"30001-2F026_неориг";5950;"4875.00";1
"Комплект сцепления J10E 4WD";"30001-JD00C_неориг";16500;"9750.00";1
"комплект сцепления SR20 801514";"30001-2F205_неориг";8500;"6500.00";1
"контактная группа руля";"25554-95F0B";" ";"6500.00";1
"корзина B10RS";"30210-95F0B";" ";"5200.00";1
"корзина P12E QR20DE";"30210-AU400";" ";"10075.00";1
"корзина R51M YD25DDTI";"30210-JS10C";" ";"12350.00";1
"корзина T31";"30210-JA00A";" ";"4225.00";1
"корзина WD21 Z24";"30210-55GX0";" ";"8125.00";1
"корзина Y60 RD28";"30210-22J00";" ";"10075.00";1
"корзина Y60 RD28T";"30210-VB3X0";" ";"11700.00";1
"корзина YD22ETI";"30210-8H801";"на 200кг сильн 8Н305";"13325.00";1
"крестовина";"37125-2X801_неориг";1000;"650.00";2
"крестовина кардана";"37126-0W725";"37126-01G26";"2925.00";2
"крестовина кардана";"37125-01JX5";" ";"2990.00";1
"крестовина кардана";"37125-VB9X5";"M1";"2321.00";2
"крестовина кардана";"37125-20JX5";" ";"2438.00";2
"крестовина кардана";"37125-2X800";" ";"5005.00";1
"крестовина кардана";"37126-3S526";" ";"3900.00";1
"крестовина кардана 37126-3S526";"37125-EB30A";" ";"3705.00";2
"крестовина кардана GU1000";"37125-EB30A_неориг";1000;"780.00";2
"кронштейн";"54080-88G00";" ";"2925.00";1
"кронштейн";"78818-95F0A";" ";"464.00";2
"кронштейн";"78819-95F0A";" ";"650.00";1
"кронштейн";"63182-95F0B";" ";"650.00";1
"кронштейн";"68106-95F0F";" ";"2925.00";1
"кронштейн";"92114-4M400";" ";"195.00";1
"кронштейн";"20722-41U00";" ";"3705.00";1
"кронштейн";"85220-1AA0A";" ";"2925.00";1
"кронштейн";"85221-1AA0A";" ";"2925.00";1
"кронштейн";"44040-95F0A";" ";"2080.00";2
"кронштейн воздуховода";"16538-95F0A";" ";"650.00";2
"крыло J10E FR";"F3100-JD0M0";" ";"10075.00";1
"крыло N14 FR";"63100-62C30_неориг";" ";"3900.00";1
"крыло P11 FL";"63101-2J030_неориг";" ";"7800.00";1
"крыло WD21 FL";"63113-94G32_неориг";" ";"5850.00";1
"крыло Y61 после 0704";"63100-VD320";"20000  !!!";"16250.00";1
"крыльчатка";"21486-CA000";" ";"1690.00";1
"крыльчатка";"21486-CA010";" ";"1300.00";1
"крыльчатка";"21486-95F0B";" ";"1300.00";1
"крышка";"43234-0L700";550;"520.00";2
"крышка";"21712-79900";450;"455.00";3
"крышка бачка омывателя";"28913-AU30A";" ";"195.00";1
"крышка бачка омывателя";"28913-9Y000";" ";"325.00";2
"крышка бачка омывателя";"28913-95F0B";" ";"309.00";2
"крышка бензобака";"17251-79910";1000;"1300.00";1
"крышка клапанная";"13264-95F0B";" ";"5200.00";1
"крышка маслозалевная";"15255-1P101";" ";"325.00";5
"крышка форсунки омывателя фар E11E";"28659-9U08E";" ";"1560.00";1
"крышка форсунки омывателя фар J31";"28659-9W55A";" ";"2730.00";1
"кулак B10RS";"40014-95F0BFU";" ";"13000.00";1
"кулак J31";"40015-CN000";" ";"19500.00";1
"лампа H1";"KE260-89910";" ";"455.00";4
"лампа H1";"KE260-89910_неориг";" ";"195.00";1
"лампа фара круглая 160 Е24 Y60";"100-1103";" ";"780.00";1
"лампа фара прямоуг 160 Е24 D21";"100-1102";" ";"780.00";2
"личинка замка B10RS прав";"80600-95F0A";" ";"1625.00";1
"лючок C11X";"62256-EM30B";" ";"1300.00";1
"масленный насос";"15010-40F0A";" ";"5850.00";1
"масло моторное";"KE900-90043-R";3500;"4713.00";1
"масло моторное 5W30 DPF 1L";"KE900-90033-R";800;"650.00";1
"масло моторное 5W40 1л.";"KE900-90032";" ";"585.00";21
"масло моторное 5W40 5л.";"KE900-90042";" ";"2405.00";2
"масло трансмисионное GL4 1л";"KE916-99932";750;"650.00";2
"масло трансмисионное GL5 1л";"KE907-99932";800;"650.00";9
"масло трансмисионное MCVT";"KE909-99943";4950;"3900.00";1
"масло трансмисионное MCVT NS2 4л";"KLE52-0000403";4950;"3380.00";1
"масло трансмисионное PSF";"KE909-99931";"  1150 больш";"975.00";2
"масло трансмисионное АКПП D";"KE908-99931";750;"637.00";7
"масло трансмисионное АКПП J";"KE908-99932";850;"780.00";25
"масло трансмисионное АКПП S";"999MP-MTS00-P";1550;"1105.00";16
"маслосьем колпачки";"13207-53Y10";200;"117.00";16
"маслосьем колпачки";"13207-84A00";" ";"195.00";34
"маслосьем колпачки";"13207-D0111_неориг";" ";"78.00";4
"маслосьем колпачки";"13207-3Z000";" ";"195.00";4
"маслосьем колпачки";"13207-ED000";" ";"195.00";16
"маслосьем колпачки";"13207-V170A";" ";"130.00";16
"маховик";"12310-VB311";" ";"74750.00.
1150.00USD";1
"маховик";"12310-EB30A";" ";"39000.00";1
"маховик";"12331-95F0A";" ";"7800.00";1
"маятник WD21";"48530-31G25";" ";"6500.00";1
"маятник WD21";"48530-31G25_неориг";" ";"2730.00";1
"механизм";"44200-95F0A";1750;"1950.00";2
"механизм";"44201-95F0A";1500;"1820.00";1
"механизм";"44200-BH00A";5000;"6175.00";1
"механизм DE225FF";"44200-BH00A_неориг";1950;"1300.00";2
"молдинг";"72752-JD000";" ";"5850.00";1
"молдинг";"80877-8H300";" ";"1625.00";1
"молдинг B10RS";"79750-95F0A";" ";"1300.00";1
"молдинг двери B10RS FR";"80872-95F0A";" ";"1820.00";1
"молдинг двери B10RS RL";"82873-95F0G";" ";"1950.00";1
"молдинг двери B10RS RR";"82872-95F0G";" ";"2730.00";1
"молдинг двери B10RS RR";"82872-95F0A";" ";"1625.00";1
"молдинг кузова N16E RL";"78129-8M140";" ";"1950.00";1
"молдинг кузова N16E RR";"78128-8M140";" ";"1950.00";1
"мотор";"27220-7J201";" ";"13455.00";1
"мотор печки";"27220-2J003";"27220-2Y910";"15600.00";1
"мотор печки";"27225-JD00A";8500;"8450.00";2
"мотор печки";"27220-9W100";" ";"22100.00";1
"мотор печки";"27225-8H90B";" ";"19500.00";2
"мотор печки";"27205-95F0A";18250;"12025.00";1
"мотор печки";"27205-95F0B";20500;"16900.00";1
"мотор печки";"27226-JY10A";"27225-EN000";"9100.00";2
"мотор печки";"27226-9U01A_неориг";6850;"6500.00";1
"мотор печки a";"27220-40U03";" ";"9100.00";1
"моторчик омывателя фар N16E 0802-";"28920-BU310";" ";"3120.00";3
"муфта";"40250-VB200";20000;"20800.00";1
"муфта";"40260-34G00";"40260-7F000";"19500.00";2
"муфта";"92660-47U00_неориг";" ";"780.00";2
"муфта включения кондиц P10";"92660-62J01_неориг";" ";"1950.00";1
"муфта включения кондиц R50 A32(подш)";"92660-0W000_неориг";" ";"1950.00";1
"муфта вяскосная";"21082-7S00A";" ";"13000.00";1
"накладка на крыло J10E FL";"63811-JD000_неориг";" ";"5525.00";1
"накладка на крыло Y61";"93822-VB100";" ";"9620.00";1
"накладка на педаль -тормоз -автоКПП";"46531-89916";" ";"455.00";2
"накладка под номер Z50";"96210-CC000";" ";"2925.00";1
"наконечник рулевой";"48570-61G25_неориг";" ";"1170.00";1
"наконечник рулевой тяги";"48520-88E26_неориг";"M2  600р";"1300.00";1
"наконечник рулевой тяги";"48520-CA025_неориг";" ";"1300.00";2
"наконечник рулевой тяги";"D8520-AL525";" ";"3575.00";1
"наконечник рулевой тяги";"D8520-1KA0A_неориг";1500;"975.00";1
"наконечник рулевой тяги";"D8640-1KA0A_неориг";1500;"975.00";1
"наконечник рулевой тяги";"D8520-1CA0B_CTR";1350;"650.00";1
"наконечник рулевой тяги";"D8640-1CA0B_CTR";1350;"650.00";1
"наконечник рулевой тяги C11X 04- L";"D8640-EW00A_неориг";" ";"1300.00";1
"наконечник рулевой тяги C11X 04- R";"D8520-EW00A_неориг";" ";"1300.00";1
"наконечник рулевой тяги D22";"D8520-VK90A_неориг";" ";"975.00";1
"наконечник рулевой тяги E11E";"48647-1U61A";" ";"5525.00";1
"наконечник рулевой тяги E11E";"48647-1U61A_неориг";"M1   1000";"1625.00";1
"наконечник рулевой тяги J31";"D8520-9Y025";" ";"2600.00";1
"наконечник рулевой тяги J31";"D8640-9Y025";" ";"2275.00";1
"наконечник рулевой тяги J31 L";"48640-9Y025_неориг";" ";"1300.00";1
"наконечник рулевой тяги J31 R";"48520-9Y025_неориг";" ";"1300.00";1
"наконечник рулевой тяги J32";"D8520-JA00A_неориг";"M1  1500";"910.00";1
"наконечник рулевой тяги J32";"D8640-JA00A_неориг";1500;"975.00";1
"наконечник рулевой тяги S50";"48520-CG025";" ";"3250.00";1
"наконечник рулевой тяги S50 лев";"48520-CG025_неориг";-2;"1548.00";3
"наконечник рулевой тяги S50 прав";"48640-CG085_неориг";"M2  1000";"1548.00";1
"наконечник рулевой тяги T30/R50";"D8520-0P725";" ";"2535.00";1
"наконечник рулевой тяги Y61";"48520-VB025_неориг";" ";"1560.00";2
"наконечник рулевой тяги Y61";"48570-VB025_неориг";" ";"1560.00";1
"наконечник рулевой тяги Z50";"48520-CA025";" ";"3445.00";2
"наконечник рулевой тяги Z50 08.04.-";"D8520-CB025";" ";"3250.00";2
"наконечник стабил";"54618-0E000";" ";"1032.00";2
"наконечник стабил";"54618-0W001";" ";"1170.00";2
"наконечник стабил";"54618-2F010";"54618-86J25";"1294.00";1
"наконечник стабил";"54618-VB000";" ";"1398.00";2
"наконечник стабил";"56261-86J25_неориг";500;"650.00";2
"наконечник стабил";"54618-0E000_неориг";" ";"780.00";1
"наконечник стабил";"54618-0F000_неориг";550;"975.00";2
"наконечник стабил";"54618-9C002";" ";"1690.00";1
"наконечник стабил";"54618-VC300";"M 1";"1398.00";1
"наконечник стабил";"55061-5V201";" ";"2730.00";2
"наконечник стабил";"54618-EA010";" ";"1625.00";3
"наконечник стабил";"54618-4N010";" ";"1300.00";1
"наконечник стабил";"54668-4N010";" ";"1300.00";1
"наконечник стабил";"56261-7S001";" ";"1300.00";1
"наконечник стабил";"54618-CN01E";" ";"1300.00";1
"наконечник стабил";"54668-CN01E";" ";"1300.00";1
"наконечник стабил";"54618-85E00";" ";"1300.00";2
"наконечник стабил";"54668-85E00";" ";"1300.00";2
"наконечник стабил";"54618-VC300_неориг";850;"1105.00";2
"наконечник стабил";"54618-EA010_неориг";"M1  1000";"780.00";1
"наконечник стабил";"54668-EA010_неориг";"M1  1000";"780.00";1
"наконечник стабил";"56261-EA500_неориг";850;"650.00";1
"наконечник стабил";"56261-EA510_неориг";850;"650.00";1
"наконечник стабил";"54618-MB40A";" ";"1625.00";4
"наконечник стабил";"54668-EG02A";" ";"1625.00";1
"наконечник стабил";"54618-CY00A_неориг";950;"650.00";2
"наконечник стабил";"54618-1AA0E";" ";"1300.00";2
"наконечник стабил";"54618-3JA0C";1750;"1300.00";1
"наконечник стабил";"54668-3JA0C";1750;"1300.00";1
"наконечник стабил 6 ящ";"54618-JK53A";" ";"1235.00";1
"наконечник стабил CA33 лев";"54668-2Y00A";" ";"1316.00";1
"наконечник стабил P12";"54618-BA30A";" ";"1300.00";1
"наконечник стабил QX56";"54618-7S000";" ";"1300.00";4
"наконечник стабил QX56";"54618-7S000_неориг";" ";"650.00";2
"наконечник стабил S51(16ящ)";"54668-1CA3B";1750;"1625.00";1
"наконечник стабил S51(16ящ)";"54618-1CA3B";1750;"1300.00";1
"наконечник стабил U30";"54618-AD000";" ";"1040.00";1
"наконечник стабил U30";"54668-AD000";"AG001 М2  900р";"1300.00";1
"наконечник стабил W11";"54618-WF101";"М2неориг800";"1238.00";1
"наконечник стабил Y50";"54618-EG001";" ";"1430.00";1
"наконечник стабил Y50 зад прав";"54618-EG03A";" ";"1300.00";1
"наконечник стабил Z50";"54618-CA000";" ";"1300.00";2
"наконечник стабил Z50";"54668-CA000";" ";"1170.00";2
"наконечник стабил Z50";"54668-CA010";" ";"1300.00";2
"наконечник стабилизатора";"54668-8H300_неориг";"М1  600";"780.00";2
"наконечник стабилизатора";"56261-8J000_неориг";"800-035";"520.00";2
"наконечник стабилизатора";"54668-EG01B";" ";"1300.00";1
"наконечник стабилизатора";"54618-AU000_неориг";750;"780.00";1
"наконечник стабилизатора T30";"54618-8H300";" ";"1105.00";1
"наконечник стабилизатора С24";"54618-4N001";" ";"1170.00";1
"направляющая";"62224-EM30A";450;"650.00";9
"направляющие";"13212-D0110_неориг";"13213-D0110_неориг";"130.00";1
"направляющие";"13213-D0110_неориг";"13212-D0110_неориг";"130.00";3
"направляющие суппорта";"44140-70J25";" ";"1105.00";1
"направляющие суппорта";"44139-5Y50A";" ";"650.00";4
"направляющие суппорта";"44139-EB30A";" ";"650.00";1
"направляющие суппорта";"44140-JA01A";750;"650.00";4
"направляющие суппорта";"44140-EJ20A";"M2";"845.00";2
"направляющие суппорта";"D1139-AX60A";"M1неориг 750";"1495.00";1
"направляющие суппорта (винт)";"41141-95F0A";" ";"163.00";11
"направляющие суппорта 14081";"44140-N9500";" ";"390.00";5
"направляющие суппорта T30, R50";"41134-AA000";" ";"585.00";4
"насос омывателя";"28920-VE000";" ";"1300.00";3
"насос омывателя R50";"28920-0W000";" ";"1820.00";1
"насос подкачки топлива ZD30DDTI";"16401-VC10D";"без подогрева";"7020.00";1
"натяжитель";"13091-95F0A";" ";"1950.00";1
"натяжитель";"13070-BN300";" ";"2275.00";1
"натяжитель";"13091-1KC1A";3050;"1950.00";1
"Новый";"22401-ED815";650;"715.00";8
"опора аморт";"55320-95F0A";" ";"1755.00";4
"опора аморт P11 R";"55320-2F000";"M2 пересорт из П3";"4420.00";4
"отбойник J10E";"55240-JD000";" ";"1950.00";2
"отбойник амортизатора";"54050-2F005";"54050-90J15";"1300.00";2
"отбойник з/моста";"55060-41G00";" ";"4420.00";1
"отбойник капота";"90878-AX600";" ";"202.00";2
"отбойник капота на панели";"65822-8H310";" ";"228.00";4
"отбойник капота на панели";"65829-50A00";" ";"325.00";2
"отбойник пер рычага";"54050-50W0A";" ";"1365.00";2
"панель B10RS";"62500-95F0B";" ";"9750.00";1
"пат ок";"21503-95F0A";" ";"780.00";2
"пат ок";"21503-CA000";" ";"1625.00";1
"пат ок";"21503-JG300";" ";"975.00";1
"пат ок";"21501-31U10";" ";"975.00";1
"петля";"90320-41G02";" ";"2210.00";2
"петля";"82400-95F0G";" ";"1170.00";2
"петля";"82400-95F0E";" ";"1170.00";4
"петля";"82400-95F0H";" ";"1170.00";2
"петля";"80401-95F0D";" ";"1495.00";1
"петля (пер низ лев)";"80401-2J000";" ";"650.00";2
"петля CA33 RL верх";"82401-2Y900";" ";"2048.00";1
"петля CA33 RL низ";"82421-4P00A";" ";"1300.00";4
"петля CA33 RR верх";"82400-2Y900";" ";"2048.00";1
"петля N14";"80400-62C00";" ";"1430.00";1
"пластины противошумные";"41084-71J26";" ";"1548.00";1
"пластины противошумные";"41080-AM890";" ";"2925.00";3
"пластины противошумные";"44080-8J125";" ";"1950.00";1
"пластины противошумные";"D4080-EG50C";3500;"2925.00";1
"пластины противошумные";"44080-EA026";" ";"3900.00";1
"пластины противошумные";"41080-40U25";" ";"2925.00";1
"пластины противошумные";"410830002R";" ";"1950.00";1
"повторитель A32 N15";"26160-1N000_неориг";" ";"433.00";1
"повторитель белый";"26160-BN40A";" ";"1300.00";1
"повторитель поворота B10RS";"26160-95F0A";" ";"975.00";1
"повторитель поворота J10E";"26160-AX00A_неориг";" ";"780.00";1
"повторитель поворота P11";"26160-9F000_неориг";" ";"585.00";1
"повторитель поворота R50 Y10 Y61";"26160-70N0A";" ";"1300.00";2
"поддон";"11140-6N200";" ";"650.00";1
"поддон";"11110-CK810";" ";"6500.00";1
"поддон";"11110-6N211";" ";"2730.00";1
"подкрылок E11E L";"63841-9U20A";" ";"4940.00";1
"подкрылок J10E FL";"63843-JD00A";" ";"4225.00";1
"подкрылок T30 L";"63841-EQ000";" ";"4095.00";1
"подкрылок T30 R";"63840-EQ000";" ";"3575.00";1
"подкрылок T31";"63843-JG00A";" ";"3770.00";1
"подкрылок Z50";"63842-CA000";" ";"3250.00";1
"подрулевой переключатель";"25540-EB301";" ";"3900.00";1
"подрулевой переключатель";"25400-95F0A";" ";"5525.00";1
"подсветка номера B10RS";"26510-95F0B";-1;"1625.00";1
"подушка";"11320-7F000";" ";"4225.00";1
"подушка";"95510-06J00";" ";"1755.00";2
"подушка";"21506-50J00";" ";"130.00";10
"подушка";"95510-VB005";3350;"2600.00";2
"подушка";"55320-2F000_неориг";1350;"1950.00";2
"подушка глушителя";"20640-01A01_неориг";" ";"228.00";1
"подушка глушителя";"20650-70A10";" ";"325.00";4
"подушка глушителя";"20651-CD000";700;"650.00";1
"подушка глушителя";"20651-EA000";1950;"1300.00";3
"подушка глушителя";"20651-95F0B";" ";"325.00";1
"подушка глушителя";"20651-CA000";1500;"1300.00";1
"подушка глушителя";"20651-EN200";"20651-JD00C";"520.00";3
"подушка глушителя";"20651-EN300";" ";"650.00";1
"подушка глушителя";"20651-AX400";"M1неор 750";"975.00";1
"подушка двигателя";"11220-4M412";" ";"2860.00";2
"подушка двигателя";"11270-4M400";" ";"2275.00";1
"подушка двигателя";"11270-8H310";"11270-8H300";"2925.00";2
"подушка двигателя";"11320-8H800";" ";"5200.00";1
"подушка двигателя";"11210-95F0A";" ";"2275.00";2
"подушка двигателя";"11220-EB300";" ";"7800.00";1
"подушка двигателя";"11220-CG110";" ";"6175.00";1
"подушка двигателя";"11210-JD21B";" ";"8450.00";1
"подушка двигателя";"11320-AU405";" ";"4550.00";1
"подушка двигателя";"11320-50Y10";" ";"1430.00";1
"подушка двигателя Z50";"11220-CA00A";" ";"3900.00";1
"подушка двигателя1";"11360-JD01B_неориг";1500;"975.00";1
"подушка коробки";"11320-4M400";2250;"1820.00";3
"подушка коробки Y60 Y61";"11320-VB91A";" ";"3900.00";1
"подушка крепления радиатора";"21506-4M400";" ";"195.00";2
"подушка крепления радиатора";"92118-4M400";" ";"130.00";5
"подушка крепления радиатора";"21507-4M400";" ";"130.00";8
"подушка стойки";"54320-40U00";" ";"1885.00";1
"подушка стойки";"54320-95F0A";1650;"1300.00";1
"подушка стойки";"54320-BC40A";" ";"1950.00";1
"подушка стойки 1";"54320-8H320";" ";"1430.00";4
"подушка стойки T31";"54320-JG01B";"-1в п2  2750";"2080.00";2
"подушка стойки T31";"54321-JG01B";2750;"2080.00";1
"подшипник";"32203-03E00";" ";"1365.00";1
"подшипник";"32219-59Y12";"32219-59Y02";"2275.00";1
"подшипник";"40210-05U00";" ";"2925.00";1
"подшипник";"40210-50W00";1500;"1625.00";2
"подшипник";"40588-C6000";" ";"1300.00";1
"подшипник";"43215-C9300";" ";"1733.00";1
"подшипник";"43210-C9300";"33110 JRYA2";"2145.00";1
"подшипник";"43210-42G10";"4T-CRI0826";"4355.00";1
"подшипник";"38440-03E00";"M1";"1820.00";2
"подшипник";"32223-62Y02";" ";"1820.00";1
"подшипник";"43210-0W000";"4T-CRI08A24";"4355.00";2
"подшипник";"32273-T6420_неориг";"M1";"1170.00";1
"подшипник";"38140-13201_неориг";" ";"975.00";1
"подшипник";6301;" ";"325.00";1
"подшипник";"43200-0M801";" ";"8645.00";1
"подшипник";"32273-36N60_неориг";" ";"1170.00";1
"подшипник";"40210-95F0A";"-1П3";"1625.00";7
"подшипник";"43202-95F0B";7000;"5330.00";1
"подшипник";"32203-VB000";" ";"2600.00";1
"подшипник";"40210-WD200";1650;"3250.00";1
"подшипник";"40210-3Z000_неориг";2050;"1950.00";2
"подшипник";"43210-0C710";6900;"4095.00";2
"подшипник";"43202-95F0B_неориг";" ";"5200.00";1
"подшипник 32219-V5210";"32219-86W70";"32219-V5210";"1365.00";1
"подшипник 40215-G9501";"40215-C6000";" ";"1885.00";1
"подшипник WD21 R20 внеш";"40215-2S600";" ";"1300.00";2
"подшипник выжимной GR60";"30502-21000";" ";"1105.00";1
"подшипник выжимной R20 TD27TI";"30502-7F000";"30502-0F003";"3250.00";1
"подшипник стойки";"54325-8J000";" ";"618.00";3
"подшипник стойки";"54325-95F0A";" ";"650.00";6
"подшипник стойки";"54325-21000_неориг";" ";"650.00";2
"подшипник цапфы";"40030-VB000";" ";"1950.00";2
"Помпа CD20";"21010-57J28";" ";"3900.00";2
"Помпа RD28 Y61";"B1010-VB126";" ";"5070.00";1
"помпа TB42";"21010-03JX5";" ";"8450.00";1
"помпа ГУР A32";"49110-40U1A";" ";"15275.00";1
"помпа ГУР B10RS";"49110-95F0A";" ";"8450.00";1
"поплавок";"25060-8H31B";" ";"8450.00";1
"поплавок";"25060-JG00A";" ";"8125.00";1
"поплавок";"25060-8H31A";" ";"7800.00";1
"поршень";"41121-ZC60A";" ";"2145.00";2
"поршень ZD30DDTI";"12010-VX201";" ";"3575.00";4
"поршень суппорта";"41121-95F0A";1500;"1430.00";2
"поршень суппорта";"41121-7S000";" ";"1950.00";2
"поршень суппорта";"44126-JY00A";" ";"2275.00";2
"поршень суппорта";"44126-8J100_неориг";"-1   1000р";"650.00";2
"поршень суппорта R50";"41121-0W700";" ";"2600.00";4
"поршень суппорта Y61";"41121-01A01";"0176-GRJ120R";"2730.00";2
"прикуриватель";"25335-89900";"25335-89980";"1040.00";1
"пробка сливная";"11128-01M05";" ";"163.00";4
"Проводка заднего фонаря";"26551-VD71A";1750;"975.00";1
"прокладка";"20691-51E01_неориг";" ";"130.00";1
"прокладка";"14035-V5202";" ";"1950.00";2
"прокладка";"20691-57E01";" ";"195.00";4
"прокладка";"16627-43G00";" ";"98.00";6
"прокладка";"16625-43G00";" ";"144.00";10
"прокладка";"20691-77A00";200;"233.00";3
"прокладка";"20692-0F005";" ";"813.00";2
"прокладка";"13270-G2500";" ";"715.00";1
"прокладка";"20691-58E01_неориг";" ";"195.00";3
"прокладка";"20692-54A00_неориг";" ";"260.00";2
"прокладка";"20692-0F012_неориг";" ";"260.00";1
"прокладка";"20691-50A00_неориг";" ";"130.00";1
"прокладка";"20692-1P100";" ";"520.00";4
"прокладка";"20691-03E80_неориг";" ";"228.00";2
"прокладка";"11121-31U00";" ";"384.00";2
"прокладка";"11121-31U10";" ";"384.00";2
"прокладка";"13270-F4000";" ";"1040.00";1
"прокладка";"14032-31U00";" ";"975.00";4
"прокладка";"15066-5E510";" ";"195.00";4
"прокладка";"14415-VB300";" ";"1105.00";1
"прокладка";"14445-VB300";" ";"1040.00";2
"прокладка";"15066-31U02";300;"325.00";2
"прокладка";"15066-31U03";300;"390.00";3
"прокладка";"14035-31N00";"14035-43G00";"325.00";1
"прокладка";"15193-VB301";" ";"65.00";1
"прокладка";"15196-2W200";-1;"156.00";1
"прокладка";"15196-VB300";" ";"195.00";1
"прокладка";"14036-0M300";" ";"423.00";2
"прокладка";"14036-0W801";" ";"650.00";1
"прокладка";"14036-4W015";" ";"650.00";1
"прокладка";"11062-AL501";" ";"130.00";4
"прокладка";"13270-8J112";800;"963.00";1
"прокладка";"13050-6N200";" ";"130.00";1
"прокладка";"13270-41B02";" ";"910.00";1
"прокладка";"13270-4P410";" ";"325.00";1
"прокладка";"13270-BX000";" ";"845.00";1
"прокладка";"13271-1E400";" ";"382.00";1
"прокладка";"20691-0P600";" ";"455.00";3
"прокладка";"20822-95F0A";" ";"455.00";2
"прокладка";"20840-95F0A";" ";"650.00";2
"прокладка";"13270-EB30A";" ";"1625.00";1
"прокладка";"14035-EB300";2100;"1625.00";1
"прокладка";"20691-19U00";" ";"390.00";1
"прокладка";"14036-BC000";" ";"845.00";1
"прокладка";"14036-7S001";" ";"1950.00";1
"прокладка";"20692-95F0A";" ";"455.00";3
"прокладка";"14036-8H600";" ";"780.00";1
"прокладка";"14035-JG35A";" ";"975.00";1
"прокладка";"14032-AE00A";" ";"975.00";1
"прокладка";"11062-AD20B";" ";"130.00";2
"прокладка";"14722-EC00A";" ";"455.00";1
"прокладка";"14035-0M301";" ";"975.00";1
"прокладка";"14719-VC110";" ";"195.00";1
"прокладка";"14036-EE000";" ";"1625.00";1
"прокладка";"11062-ED000";" ";"130.00";2
"прокладка";"13270-JG30A";1000;"650.00";1
"прокладка";"14036-1VA0A";" ";"1235.00";1
"прокладка";"14032-EA200";" ";"780.00";2
"прокладка";"11121-VB301";" ";"2080.00";1
"прокладка";"11062-6N20A";" ";"195.00";3
"прокладка";"13270-AD20A";" ";"780.00";2
"прокладка";"16175-ET80A";" ";"130.00";2
"прокладка";"20695-ED10E";1400;"975.00";1
"прокладка";"14035-1KT0A";"круглые отверстия";"1625.00";1
"прокладка";"13270-43G03";" ";"780.00";1
"прокладка";"14035-ED800_неориг";800;"650.00";1
"прокладка (кольцо)";"13270-53J13";"M2";"130.00";1
"прокладка 3.0";"14035-38U01";" ";"1105.00";2
"прокладка B10RS";"13270-95F0B";850;"975.00";1
"прокладка GA14 GA16";"13270-73C10";" ";"585.00";2
"прокладка P10E CD20";"15270-D0103";" ";"98.00";1
"прокладка VG30";"13270-V5000";"M1";"770.00";1
"прокладка VQ";"13270-8P311";" ";"975.00";1
"прокладка в АКПП";"31397-31X02";1000;"650.00";2
"прокладка в АКПП";"31397-1XF0C";1650;"1105.00";1
"прокладка в АКПП";"31397-51X02";1750;"1365.00";1
"прокладка в АКПП";"31397-1XJ0A";2100;"1430.00";1
"прокладка головки";"11044-7J500";" ";"4485.00";1
"прокладка головки блока CR14DE";"11044-BX005";" ";"4225.00";1
"прокладка головки блока LD28";"11044-W2500_неориг";" ";"975.00";1
"прокладка головки блока QG15DE";"11044-4M500_неориг";" ";"1950.00";1
"прокладка головки блока QG16 B10RS";"11044-8M010";2550;"1625.00";1
"прокладка головки блока VG33";"11044-0W000";" ";"2340.00";2
"прокладка головки блока VQ30  передняя";"11044-38U07";" ";"2340.00";1
"прокладка головки блока Z24";"11044-10WX2";" ";"1516.00";1
"прокладка масленного насоса";"15066-4W000";" ";"65.00";4
"прокладка масленного насоса";"15066-95F0A";" ";"325.00";2
"прокладка масленного насоса";"15066-ED010";" ";"130.00";1
"прокладка масленного насоса";"15066-ED000";" ";"130.00";2
"прокладка передней крышки";"11049-53Y00";" ";"260.00";1
"прокладка под натяжитель";"13079-53Y00";" ";"130.00";1
"противотуманка B10RS";"B6150-95F0A";" ";"5200.00";2
"противотуманка B10RS";"B6150-95F0B";" ";"5200.00";1
"противотуманка B10RS";"26585-95F0A";"задняя";"3250.00";1
"противотуманка B10RS лев";"B6150-95F0B_неориг";-1;"3900.00";1
"противотуманка CA33 L с габаритом";"26159-2Y000_неориг";" ";"4875.00";1
"противотуманка CA33 R с габаритом";"26154-2Y000_неориг";" ";"4875.00";1
"противотуманка J10E";"B6A50-8990A";" ";"4225.00";1
"противотуманка N16E/P12E/K12E";"26150-89985_неориг";" ";"1950.00";1
"противотуманка P10 L";"26155-96J10_неориг";" ";"3575.00";1
"противотуманка P10 R";"26150-96J10_неориг";" ";"3575.00";1
"противотуманка Y61 после 07,04";"26154-EA525_неориг";"хром";"3250.00";1
"противотуманка Y61 после 07,04";"26159-EA525_неориг";"хром";"3250.00";1
"противотуманка Y61 после 07,04";"26150-8992C";" ";"2275.00";1
"противотуманка Z51 Rear";"26580-1AA0A";" ";"3900.00";1
"противотуманка боковая A32";"26105-51U25_неориг";" ";"780.00";1
"пружина";"54010-20J10";" ";"8125.00";2
"пружина A32 FL";"54010-31U22";"54010-31U23";"7150.00";2
"пружина E11E пер XLF-4062052";"54010-9U01B_неориг";2350;"2600.00";2
"пружина J10E зад";"55020-JD02A_неориг";"токаJ10 3650 cм прим";"3250.00";2
"пружина J30 F";"54010-86E02_неориг";" ";"4225.00";2
"пружина J31";"55020-9W50B";" ";"3250.00";2
"пружина J31";"55020-9W50A";" ";"3250.00";2
"пружина T31 пер";"54010-JG20D";" неориг 3750";"7800.00";2
"пружина Y61 ZD30DDTI пер";"54010-VB97B";" ";"11375.00";2
"пружина задняя";"55020-4M412";"c4n43402hd";"4550.00";2
"пружина передняя";"54010-6N003";" ";"4875.00";2
"пружинка";"44090-95F0A";" ";"228.00";5
"пружинка";"46585-5M001";" ";"780.00";2
"пружинка";"44186-AV700";" ";"260.00";1
"пыльник";"32859-03E01";" ";"390.00";1
"пыльник";"32859-M8002";" ";"130.00";1
"пыльник";"55240-8H500";" ";"3250.00";2
"пыльник";"39241-0M326_неориг";"M1";"650.00";1
"пыльник вилки сц-я";"30542-31G10";" ";"975.00";1
"пыльник зад стойки";"55240-AU000";" ";"3380.00";2
"пыльник зад стойки";"55240-95F0A";1150;"975.00";1
"пыльник зад стойки";"55240-9Y000";" ";"2275.00";2
"пыльник зад стойки FX";"55240-CG020";3250;"2600.00";2
"пыльник зад стойки N15 A32 N16";"55240-0M315_неориг";650;"455.00";2
"пыльник пер стойки A32";"54050-38U02";" ";"1170.00";3
"пыльник пер стойки J31";"54050-9Y000";" ";"1040.00";2
"пыльник пер стойки J32";"54050-JP00A_неориг";1150;"780.00";2
"пыльник рейки";"48203-01F00_неориг";" ";"520.00";1
"пыльник рейки";"48203-95F0C";" ";"650.00";2
"пыльник рейки";"48203-7S025";" ";"1755.00";1
"пыльник рейки R51M";"48203-EA025";" ";"1625.00";2
"пыльник фары";"26029-95F0A";" ";"650.00";2
"пыльник шрус";"39741-55E87";"39741-55E85";"1820.00";1
"пыльник шрус";"39241-2U625";" ";"2795.00";1
"пыльник шрус";"39241-CA025";" ";"2470.00";2
"пыльник шрус";"40088-95F0A";" ";"975.00";2
"пыльник шрус";"40089-95F0A";" ";"1365.00";2
"пыльник шрус";"39741-7Y028";" ";"14625.00";1
"пыльник шрус";"C9241-JA00A";" ";"2730.00";1
"пыльник шрус";"39241-5V127";" ";"1950.00";4
"пыльник шрус";"39241-9Y029";" ";"1950.00";3
"пыльник шрус";"39741-6N226";1800;"1820.00";1
"пыльник шрус";"39741-9Y125";" ";"1950.00";1
"пыльник шрус";"39741-AY126";2150;"2600.00";1
"пыльник шрус";"39741-BM726";" ";"2600.00";1
"пыльник шрус";"39741-17V28";" ";"2600.00";1
"пыльник шрус";"39741-CG028";" ";"1950.00";1
"пыльник шрус";"39241-CG027_неориг";" ";"1495.00";1
"пыльник шрус";"39741-0F00A";" ";"3575.00";1
"пыльник шрус";"C92DA-JA00A";" ";"2275.00";1
"пыльник шрус";"C9241-JA00A_неориг";1850;"1625.00";2
"пыльник шрус 802-20007";"39241-73J25_неориг";"M1";"585.00";1
"пыльник шруса";"C9741-EB31B";" ";"3900.00";1
"пыльник шруса";"C9741-JD0JB";" ";"2600.00";1
"радиатор J30";"21460-85E00_неориг";" ";"10985.00";1
"радиатор N16E AT";"21460-BM700_неориг";252345;"7800.00";1
"радиатор T30 QR20DE.AT";"21460-8H900_неориг";252901;"5850.00";1
"радиатор кондиционера B10RS";"27650-95F0A";15500;"10400.00";2
"распылитель";"16620-VB325";" ";"3575.00";4
"распылитель CD17_CD20";"16620-59Y25_неориг";"см  в М";"1820.00";4
"распылитель SD33";"16620-Y8400_неориг^";"155-193";"975.00";6
"резинка";"92472-95F0A";" ";"65.00";2
"резистор печки";"27150-64J65";" ";"2275.00";1
"резистор печки";"27150-0W014";" ";"1820.00";1
"резистор печки";"27100-95F0A";" ";"1625.00";3
"резистор печки";"27150-ED000";1950;"1950.00";7
"резистор печки";"27150-ED70A";" ";"2925.00";1
"резистор печки";"27150-EY00A";" ";"1625.00";2
"резистор печки JA60";"27151-ZT00A";" ";"3900.00";1
"резистор печки1";"27761-4BA0A";" ";"3250.00";1
"рейка B10RS";"49001-95F0B";" ";"22750.00";1
"рейка B10RS";"49001-95F0BRE";" ";"17225.00";2
"рейка C11X";"48001-EM30B";" ";"54275.00";1
"реле";"25630-79960";" ";"520.00";3
"реле";"25230-79981";" ";"910.00";2
"реле";"25230-79917";" ";"650.00";1
"реле";"25230-79942";" ";"715.00";1
"реле";"25230-79918";" ";"325.00";1
"реле";"25230-95F0B";" ";"975.00";2
"реле 104ящ";"25320-AX00B";"M2 из П2";"1365.00";2
"рем набор";"49202-06W26";" ";"1170.00";1
"рем набор";"41120-71J25";2500;"1755.00";1
"рем набор";"41120-37J25";" ";"2925.00";1
"рем набор главного тормоз";"D6011-VS40B";" ";"4550.00";1
"рем набор главного тормоз";"46011-95F0D";" ";"1755.00";1
"рем набор суппорта";"41120-09W25_неориг";"M 1";"650.00";1
"рем набор суппорта";"41120-AG025";" ";"2665.00";1
"рем набор суппорта";"44120-EA026";" ";"2665.00";1
"рем набор суппорта";"41120-7S025";"M2  2500";"2145.00";1
"рем набор суппорта";"D1120-JL00A";4250;"3250.00";1
"рем набор суппорта";"D4120-01A01";3300;"3250.00";1
"рем набор суппорта";"41120-VB225_неориг";" ";"325.00";2
"рем набор суппорта 43mm 5588077K00";"D4120-AR000";" 1200р на1суппорт";"2925.00";3
"рем набор суппорта P12E d4612";"44120-AV00A_неориг";"600 поршМ1 1000р";"390.00";1
"рем набор суппорта R20 C23";"44127-9C126_неориг";" ";"943.00";1
"рем набор суппорта Y60 F";"41120-37J25_неориг";" ";"845.00";2
"рем-комплект";"30621-VB025";" ";"910.00";2
"ремень";"11720-2F005";"11720-2F000";"975.00";1
"ремень";"11720-6N200";" ";"2600.00";1
"ремень";"11720-AR010";" ";"2940.00";1
"ремень";"11720-0E401";" ";"845.00";1
"ремень";"11720-2F610";" ";"1430.00";1
"ремень";"11720-0M3XA";"M1";"845.00";1
"ремень";"11720-0W0XB";"11720-0W0X2";"1040.00";2
"ремень";"11950-31UXM";" ";"780.00";2
"ремень";"11720-VC1X3";"M1 1800";"1625.00";1
"ремень";"11720-2W204";" ";"2600.00";1
"ремень";"11720-AD200";" ";"1170.00";1
"ремень";"11920-0W0XM";" ";"1040.00";1
"ремень";"11720-AX000";1050;"813.00";1
"ремень";"11920-AX001";" ";"1300.00";1
"ремень";"11950-95F0A_неориг";700;"488.00";3
"ремень";"11920-CA000_неориг";" ";"975.00";1
"ремень";"11720-EL00A";2000;"1625.00";1
"ремень";"11950-43GXA";" ";"650.00";4
"ремень";"11720-JD00C_неориг";" ";"975.00";1
"ремень";"11720-JG70B";" ";"1820.00";1
"ремень";"11720-5X00A";" ";"4225.00";1
"ремень";"11720-JC20A";"M1 3450";"2015.00";1
"ремень";"11720-4P10A_неориг";1250;"975.00";1
"ремень 11720-53Y20";"11720-D40XG";" ";"650.00";4
"ремень 4PK850";"11720-42LX1";" ";"650.00";1
"ремень 6pk1075";"11920-CA000";1600;"1625.00";1
"ремень 7PK2442";"11720-1LA0A";" ";"3575.00";1
"ремень cl";"11920-60UXA";" ";"910.00";2
"ремень TNBD";"16806-0M9XE";" ";"1300.00";1
"ремень TNBD";"16806-00QBB";" ";"3900.00";1
"Ремень ГРМ";"13028-24B10_неориг";" ";"1300.00";1
"Ремень ГРМ CD20";"13028-2J6XE";" ";"1625.00";1
"ремень4pk1060";"11920-BX005";"M1 неориг750";"1625.00";1
"решетка B14";"62310-3M100_неориг";" ";"3250.00";1
"решетка CA33";"62310-5Y800";" ";"8450.00";1
"решетка E11E";"62310-9U000";" ";"14300.00";1
"решетка N14";"62310-50C00_неориг";" ";"585.00";1
"решетка N16E L 0802-";"62330-BN700";" ";"3466.00";1
"решетка P12 L";"62330-AU300";" ";"5265.00";1
"ролик";"11927-AL500";" ";"3575.00";1
"ролик";"13070-95F0A";"M1  2950";"1950.00";1
"ролик";"11927-EA000";" ";"2925.00";1
"ролик";"13070-EN22D";2600;"1430.00";1
"ролик";"11925-31U0C";4150;"3250.00";1
"ролик";"11955-JA00C";" ";"4225.00";1
"ролик";"13070-AN201";" ";"1950.00";2
"ролик";"11925-BC20B";" ";"4550.00";1
"ролик";"11947-AG300";" ";"2925.00";1
"ролик";"13070-EA200";2700;"1950.00";1
"ролик";"11955-JD21A_неориг";" ";"1300.00";1
"ролик";"11925-AR01B";" ";"4550.00";1
"ролик";"11927-ED320";" ";"2600.00";2
"ролик";"11944-EB32A";" ";"6500.00";1
"ролик";"13070-AD20A";" ";"1950.00";1
"ролик";"11927-1HC0A_неориг";1500;"975.00";2
"ролик";"11925-EB32A";" ";"6500.00";1
"ролик";"11955-5X00E";" ";"7800.00";1
"ролик 6301 xky-tbk8012a";"11947-31U05";2000;"2275.00";1
"ролик JA60";"11955-7S00A";" ";"6175.00";1
"ролик N13 Cd17";"13070-16A02_неориг";" ";"1300.00";1
"ролик R51M YD25";"11925-VC80A";" ";"3575.00";1
"ролик T30 QR20, QR25";"11955-6N20B";" ";"3705.00";1
"ролик T30 QR20, QR25";"11955-6N20B_неориг";" ";"1300.00";1
"ролик VG30";"13070-42L00";" ";"2600.00";1
"ролик ZD30DDTI";"11750-2W21B";" ";"130.00";1
"ручка";"82606-EA502";" ";"2860.00";1
"ручка";"82607-EA502";" ";"2925.00";2
"рычаг";"54501-95F0A";" ";"7150.00";1
"рычаг";"55110-JG000";" ";"7150.00";2
"рычаг";"55111-JG00A";9500;"6500.00";3
"рычаг";"54524-ZQ00A";" ";"8450.00";1
"рычаг";"54525-ZQ00A";" ";"8450.00";1
"рычаг C11X";"54500-EL000_неориг";2750;"2470.00";1
"рычаг C23M FL";"54501-7C350";" ";"11375.00";1
"рычаг cредний Р10 пра";"54592-76J25";" ";"9100.00";1
"рычаг FX";"55110-CG000";"55110-CA000";"3250.00";1
"рычаг J10E";"54501-JD000_QML";"  ctr 3500";"2600.00";1
"рычаг J31";"54500-9W200";" ";"8775.00";1
"рычаг J31";"54501-9W20C";" ";"8775.00";2
"рычаг J31";"54500-9W200_неориг";" ";"5850.00";1
"рычаг J31";"54501-9W200_неориг";" ";"5850.00";1
"рычаг J31";"551A0-9Y00A";" ";"4550.00";1
"рычаг J32";"54500-JN00A_неориг";8550;"8580.00";1
"рычаг J32";"54500-JN00B";" ";"9100.00";1
"рычаг JA60 зад";"551B0-7S000";-1;"5070.00";1
"рычаг P10 R";"54500-86J00_неориг";-1;"3575.00";1
"рычаг P12";"54524-AV601_неориг";" ";"2730.00";1
"рычаг P12 L";"54501-AU010_неориг";" ";"2600.00";1
"рычаг P12 R";"54500-AU010_неориг";" ";"2275.00";1
"рычаг R50 FL";"54501-0W001";" ";"8125.00";1
"рычаг R51M";"54501-9CD0A";" ";"12350.00";1
"рычаг R51M прав низ";"54500-EB31C";" ";"7800.00";1
"рычаг S50";"54500-CG200";" ";"19825.00";1
"рычаг S50";"551B0-CG000";14500;"11375.00";2
"рычаг S50";"54500-CG200_неориг";"c/бл  е !!!!";"9425.00";1
"рычаг S50 зад";"55501-CG000_неориг";" ";"9750.00";1
"рычаг S50 зад 551A0-CA000";"551A0-CM80A";3000;"3250.00";1
"рычаг T30";"55110-8H505";" ";"2795.00";2
"рычаг T30";"55120-8H505";" ";"3835.00";2
"рычаг T30";"55120-8H500_неориг";" ";"1950.00";1
"рычаг T30";"55120-8H505_неориг";" ";"1950.00";2
"рычаг T30 нижн";"54501-8H310_неориг";8250;"7800.00";1
"рычаг T30 нижн TD746W";"54500-8H310_неориг";8250;"6955.00";1
"рычаг T31";"54500-JD000_неориг";" ";"2925.00";1
"рычаг T31";"54501-JD000_неориг";" ";"2925.00";1
"рычаг TA60";"54501-ZQ00A";" ";"13650.00";1
"рычаг U30";"54501-AD067";" ";"5850.00";1
"рычаг V35";"54500-AM601";" ";"5200.00";1
"рычаг Z50";"54500-CC40A_неориг";" ";"5395.00";1
"рычаг Z50";"54501-CC40A_неориг";" ";"5395.00";1
"рычаг Z50";"54500-CC40B";" ";"9425.00";1
"рычаг Z51";"54500-1AA1A_неориг";7550;"10400.00";1
"рычаг Z51";"54501-1AA1A_неориг";7550;"10075.00";1
"рычаг задний";"55502-JG000";" ";"20670.00";1
"рычаг задний";"55501-JD00A_неориг";" vtr-1350р";"780.00";1
"рычаг задний R51M";"551A1-EA500_неориг";"M2 сл\бл  1200р";"5655.00";1
"рычаг задний R51M";"55501-EA500_неориг";" ";"6500.00";1
"рычаг задний R51M";"55502-EA500_неориг";" ";"6695.00";1
"рычаг левый";"54525-EG000";" ";"7150.00";2
"рычаг левый";"54525-EA000";" ";"6500.00";1
"рычаг левый";"54525-EA000_неориг";" ";"3250.00";3
"рычаг левый";"54525-BC01A_неориг";2250;"1820.00";1
"рычаг правый";"54524-EA000";9000;"6500.00";1
"рычаг правый";"54524-EL000";" ";"2990.00";1
"рычаг правый";"54524-BC01A_неориг";" ";"1820.00";1
"рычаг правый";"54524-EL000_неориг";1750;"1300.00";1
"сайлент блок";"55046-C6000_неориг";" ";"130.00";1
"сайлент блок";"55135-01J00";"М1";"390.00";4
"сайлент блок";"55149-50A00_неориг";" ";"260.00";2
"сайлент блок";"54560-01G00";" ";"1170.00";4
"сайлент блок";"56243-85E00";" ";"390.00";2
"сайлент блок";"56112-V0100";"56112-0F000";"85.00";8
"сайлент блок";"54590-01E00";"P11 A32";"774.00";1
"сайлент блок";"54613-06J10";" ";"722.00";2
"сайлент блок";"54613-85E00";"M2";"325.00";2
"сайлент блок";"55046-R8000_неориг";" ";"130.00";4
"сайлент блок";"54613-0E015";" ";"325.00";4
"сайлент блок";"55045-D0101_неориг";"M 2";"585.00";2
"сайлент блок";"56243-0E015";"56243-1W216";"325.00";4
"сайлент блок";"55045-07200_неориг";" ";"455.00";2
"сайлент блок";"54613-2Y003";" ";"401.00";2
"сайлент блок";"54613-0X800";" ";"464.00";4
"сайлент блок";"54613-1C704";" ";"358.00";2
"сайлент блок";"56219-VB000";" ";"195.00";4
"сайлент блок";"54613-4M420";" ";"325.00";2
"сайлент блок";"55045-06J00_неориг";" ";"780.00";3
"сайлент блок";"54613-VC223";" ";"390.00";2
"сайлент блок";"54613-CA000";"-2 где?";"390.00";2
"сайлент блок";"54613-CG006";" ";"455.00";4
"сайлент блок";"54613-7S016";" ";"368.00";4
"сайлент блок";"54613-4U006";" ";"325.00";2
"сайлент блок";"54613-4N010";" ";"390.00";2
"сайлент блок";"54613-4N017";" ";"325.00";2
"сайлент блок";"54613-2Y002";"M2";"325.00";2
"сайлент блок";"54613-AV620";" ";"390.00";2
"сайлент блок";"54613-WF921";"54613-WF421";"325.00";2
"сайлент блок";"54613-8J002";" ";"325.00";2
"сайлент блок";"54613-ED001";" ";"358.00";4
"сайлент блок";"54613-JG15C";500;"390.00";6
"сайлент блок";"56217-CA000";" ";"520.00";3
"сайлент блок";"56218-CA000";" ";"650.00";5
"сайлент блок";"54613-6P610";" ";"390.00";2
"сайлент блок";"55046-EB000";" ";"286.00";4
"сайлент блок";"55047-EB301";" ";"260.00";4
"сайлент блок";"55152-9Y000";" ";"650.00";4
"сайлент блок";"54613-ZV50A";" ";"325.00";4
"сайлент блок";"54613-1CA1A";" ";"390.00";2
"сайлент блок";"54613-AL524";" ";"325.00";2
"сайлент блок";"55148-CA000";" ";"975.00";1
"сайлент блок";"55152-CA000";" ";"822.00";2
"сайлент блок";"54613-JD18C";" ";"325.00";5
"сайлент блок";"54613-JK05B";"диаметр 23";"325.00";4
"сайлент блок";"56219-5X00A";750;"780.00";2
"сайлент блок";"54613-9U000";600;"390.00";2
"сайлент блок";"54613-1GZ0A";" ";"390.00";3
"сайлент блок";"54613-CK010";" ";"325.00";2
"сайлент блок";"54613-CA00A";" ";"325.00";2
"сайлент блок";"54570-BB00A";1000;"520.00";4
"сайлент блок (мал дырк)";"55135-01J10";"M1";"1393.00";2
"сайлент блок 22mm";"54613-3UB0A";500;"325.00";8
"сайлент блок A32 зад";"54570-31U00";" ";"1040.00";1
"сайлент блок FX";"56218-CG020";" ";"650.00";2
"сайлент блок задний";"55045-63J10_неориг";"802-131";"650.00";1
"салейнтблок";"54613-0P003";" ";"325.00";2
"салент блок";"55157-EA501";" ";"1300.00";4
"салентблок";"56243-1AD0A";600;"325.00";3
"сальник";"40232-01J00";" ";"650.00";3
"сальник";"38342-01E00";" ";"390.00";1
"сальник";"38342-M8001";550;"455.00";2
"сальник";"40227-31G01";" ";"1950.00";2
"сальник";"40579-01J00";" ";"1430.00";3
"сальник";"13042-01M00";" ";"390.00";1
"сальник";"38342-D2100";" ";"650.00";1
"сальник";"13510-88G10";"13510-16A00";"455.00";1
"сальник";"32858-M8001";" ";"553.00";1
"сальник";"13510-53J01";" ";"455.00";2
"сальник";"43232-01G10";"43232-01G00";"650.00";2
"сальник";"40232-0F000";" ";"1040.00";2
"сальник";"38189-N3111";-1;"975.00";1
"сальник";"40232-21B00";" ";"650.00";1
"сальник";"40579-VB000";" ";"1300.00";3
"сальник";"38342-81X01";650;"585.00";3
"сальник";"43252-VW000";" ";"650.00";1
"сальник";"33142-33G10";" ";"520.00";1
"сальник";"13510-2W201";" ";"780.00";1
"сальник";"38342-8E000";" ";"390.00";2
"сальник";"40232-2F001";" ";"433.00";6
"сальник";"38342-8E001";" ";"585.00";1
"сальник";"38342-8E002";" ";"585.00";2
"сальник";"13042-D0101";" ";"325.00";1
"сальник";"38342-8H500";" ";"585.00";1
"сальник";"38189-C7123";-1;"520.00";1
"сальник";"43262-0F000";" ";"878.00";2
"сальник";"43232-9C500";"43232-42G10";"390.00";2
"сальник";"40579-AV600";" ";"520.00";4
"сальник";"13510-6N210";" ";"455.00";1
"сальник";"40227-31G00";" ";"975.00";2
"сальник";"22131-38U12";"22131-38U10";"195.00";1
"сальник";"33114-AD300";" ";"780.00";3
"сальник";"38342-8S110";" ";"1430.00";1
"сальник";"13276-2W211";" ";"488.00";2
"сальник";"38189-CA000";" ";"520.00";2
"сальник";"13510-88G00";" ";"585.00";1
"сальник";"43232-EB70A";1000;"975.00";1
"сальник";"M9062-0020P";" ";"650.00";2
"сальник";"33111-JD60A";" ";"650.00";2
"сальник";"12279-ED000";" ";"1560.00";1
"сальник";"13276-95F0A";" ";"325.00";2
"сальник";"31375-1XF0B";" ";"325.00";1
"сальник";"13276-BN801";"-2  800";"650.00";4
"сальник";"C8189-N3100";" ";"650.00";2
"сальник";"13276-BN30A";400;"390.00";4
"сальник";"21304-JA11A";" ";"260.00";4
"сальник";"33216-CG01A";" ";"975.00";1
"сальник";"38342-00QAG";" ";"455.00";2
"сальник";"38342-4N500";" ";"390.00";3
"сальник";"32135-AX001";100;"98.00";6
"сальник";"33216-7S11C";"снять юбку с фланца";"325.00";1
"сальник 0M300";"12279-1N510";" ";"1300.00";2
"сальник 13510-10Y10";"13510-50B10";" ";"433.00";0
"сальник к/в R";"12279-6N200";1750;"1170.00";8
"сальник маятника WD21 см,прим";"48587-01G00";" ";"293.00";3
"сальник на ср.рычаг";"40579-2F000";" ";"325.00";3
"сальник ступ a";"40232-50Y10";" ";"585.00";1
"сальник ступ m";"40227-50Y11";" ";"650.00";2
"сальник трамблёра";"22131-1E401";"на стене";"195.00";1
"сальник1";"13042-16V0A";" ";"325.00";10
"свеча";"22401-1P116";"1000   22401-50Y06";"910.00";8
"свеча";"22401-5M016";" ";"819.00";2
"свеча";"22401-ZE01B";1500;"1365.00";2
"свеча";"22401-5M015_неориг";"M2";"455.00";2
"свеча";"22401-1KC1C";" ";"1105.00";4
"свеча";"22401-BC01B";300;"325.00";4
"свеча 22401-5M016";"22401-8H315";650;"780.00";30
"свеча 22401-ED815";"22401-EW61C";1500;"1170.00";3
"свеча накаливания";"11065-31N00";"11065-G2400";"2275.00";4
"свеча накаливания SD22";"11065-T3470_неориг";" ";"780.00";6
"свеча накаливания xng-6836";"11065-2W21A";2100;"2470.00";4
"стартер B10RS";"23300-95F0A";16500;"13000.00";1
"стекло B10RS";"82250-95F0A";" ";"2275.00";1
"стекло B10RS";"82253-95F0A";" ";"2275.00";1
"стекло лобовое S50";"72712-CG000_неориг";"брак !!!";"14300.00";1
"стеклоподъёмник P12 FL";"80771-BA20C";"xmm-ac595";"22100.00";1
"стопор";"40214-AG100";250;"260.00";1
"стопор";"40214-4M400";200;"312.00";1
"стопор";"40214-01E10";" ";"130.00";4
"Стопор форсунки фар R51M";"28647-0X900";" ";"195.00";1
"ступица";"43202-WL010";" ";"8450.00";1
"ступица";"43202-JG000";"+1  9850";"10075.00";2
"ступица";"40202-7S100";"-1 вп2";"14950.00";1
"ступица";"40202-CG110_неориг";7950;"5525.00";2
"ступица";"43202-CN000";" ";"11375.00";2
"ступица";"43202-EE500";" ";"13000.00";1
"ступица";"40202-95F0A";" ";"4550.00";1
"ступица";"40202-ZR40B";" ";"20150.00";1
"ступица";"43202-EE500_неориг";4250;"6175.00";1
"ступица J10E";"40202-JG000";9250;"8450.00";3
"ступица J32";"43202-JP00A_KS";" ";"3900.00";2
"ступица R51 зад v2-rs-9522";"43202-4X00A_неориг";"M2  7500";"5590.00";2
"ступица R51M 40202-5X00A";"40202-4X01A";22000;"18200.00";5
"ступица S50 4WD -EJ70A";"40202-EJ70B";16550;"14690.00";1
"ступица Y61";"40202-VB226";" ";"16900.00";1
"ступица Z50";"40202-ZM70A";" ";"7800.00";2
"ступица передняя";"40202-ZP90A_неориг";7650;"6500.00";2
"ступица3 J32 VQ35DE L";"40202-1AA0A_KS";" ";"3900.00";3
"суппорт";"44011-AV700_неориг";7950;"5070.00";1
"суппорт B10RS";"41001-95F0A";" ";"8125.00";1
"суппорт B10RS";"41011-95F0A";" ";"8125.00";1
"суппорт J31";"41011-9Y00A";" ";"14300.00";1
"суппорт J31 зад";"44001-8J10A_неориг";-1;"11700.00";1
"суппорт S50 зад лев";"44011-CL70B";21000;"20150.00";1
"термостат";"21200-9Y400";" ";"1950.00";3
"термостат";"21200-8J10B";" ";"1950.00";1
"термостат";"21200-AX00A";1350;"975.00";1
"термостат Z24 88";"21200-80W05";" ";"1105.00";2
"трапеция дворников C11X";"28800-EM00A";19500;"13000.00";1
"трапеция дворников E11E";"28800-9U10B";15750;"14625.00";1
"трапеция дворников J10E";"28800-JD900_неориг";10750;"7800.00";1
"трапеция дворников Z50";"28840-CA000";" ";"8125.00";2
"трос багажника";"84650-95F0A";" ";"1820.00";2
"трос капота";"65620-95F0A";" ";"1300.00";2
"трос капота";"65620-9Y800";" ";"1300.00";1
"трос ручника";"36402-95F0A";" ";"780.00";1
"трос ручника";"36531-JG00A";" ";"3445.00";1
"трос ручника";"36531-JN20A";" ";"1950.00";1
"трос ручника B10RS";"36530-95F0A";2750;"2080.00";3
"трос ручника B10RS";"36531-95F0A";2750;"1560.00";3
"трос сцепления";"30770-83N05";" ";"2600.00";1
"трос сцепления P10E GA16DS";"30770-99J11";" ";"4030.00";1
"трос сцепления P11\WP11 SR20";"30770-2F221";" ";"3900.00";1
"т ка";"92440-95F0A";" ";"3250.00";1
"т ка";"92490-95F0B";" ";"3250.00";1
"т ка";"92440-9U100";" ";"4225.00";1
"т ка";"92440-JG600";7150;"4550.00";1
"т ка";"92440-EL000";" ";"5525.00";1
"т ка г/у A32";"49790-31U10";" ";"4550.00";1
"тяга";"E4582-VB000";"54582-VB000";"10075.00";1
"тяга";"55121-8H510_неориг";" ";"1950.00";3
"тяга";"55110-CA000";" ";"1755.00";2
"тяга";"34103-5M400";7500;"5070.00";1
"тяга";"55121-JD00B";" ";"10075.00";1
"тяга рулевая";"48510-31G25_неориг_тайв";" ";"1820.00";2
"тяга рулевая R50";"48521-0W025";" ";"2925.00";2
"тяга рулевая R50";"48521-0W025_неориг";" ";"1170.00";2
"тяга рулевая WD21 -92";"48560-31G25_неориг";"     SC-4685";"5525.00";1
"тяга рулевая WD21 -92 R20";"48560-31G26";" ";"10400.00";1
"тяга рулевая Y60";"48680-27J15";" ";"14625.00";1
"тяга рулевая средняя Y61";"D8680-VS41A";" ";"14300.00";1
"тяга стеклоочистителя";"28841-EB300";" ";"1073.00";1
"тяга стеклоочистителя J31";"28842-9W100";" ";"845.00";1
"тяга стеклоочистителя N15";"28841-1M200";" ";"975.00";1
"тяга стеклоочистителя P11E";"28841-2F900";1650;"1105.00";1
"тяга стеклочистителя";"28841-AU31A";" ";"5070.00";1
"указатель поворота B10RS";"26120-95F0A";" ";"2470.00";1
"указатель поворота B10RS";"26125-95F0A";" ";"2470.00";1
"указатель поворота B14 L";"26129-1M100_неориг";"M 1";"1300.00";1
"указатель поворота J30 R";"B6130-89E00_неориг";" ";"845.00";1
"указатель поворота N14 L";"B6135-63C00_неориг";" ";"585.00";1
"указатель поворота N14 R";"B6130-63C00_неориг";" ";"585.00";1
"указатель поворота N16E R";"26130-BM415_неориг";" ";"1040.00";1
"уплотнитель";"80820-95F0A";" ";"1820.00";1
"уплотнитель";"80821-95F0A";" ";"1625.00";1
"уплотнитель";"84830-9Y00A";" ";"3250.00";1
"уплотнитель пер лев";"76802-95F0A";" ";"1625.00";1
"уплотнитель пер прав";"76801-95F0A";" ";"1625.00";1
"усилитель";"85250-95F0B";" ";"5720.00";1
"усилитель B10RS";"62095-95F0A";" ";"975.00";1
"усилитель E11E";"62030-9U000";" ";"10725.00";1
"усилитель N14 F";"62030-73C30_неориг";" ";"2275.00";1
"усилитель N16E";"62036-BN700";" ";"8125.00";1
"успокоитель";"13085-2W200";" ";"975.00";1
"успокоитель";"13085-4M500";800;"715.00";2
"успокоитель";"13085-4M511";"13085-7J610";"780.00";1
"успокоитель";"13085-AX000";" ";"910.00";1
"успокоитель";"13085-EN210";" ";"325.00";1
"успокоитель";"13085-7S002";" ";"975.00";1
"Успокоитель WD21";"13085-10W10";" ";"910.00";1
"фара B10RS L";"26060-95F0B";" ";"14625.00";1
"фара B10RS L -0510";"26010-95F0E_неориг";" ";"6500.00";1
"фара B10RS R";"26010-95F0B";" 5000 б\у";"13000.00";1
"фара K10 L 1188-";"26064-22B00_неориг";"215-1150L";"1755.00";1
"фара K10 R 1188-";"26014-22B00_неориг";"215-1150R";"1755.00";1
"фара K12E R";"26010-AX700_неориг";" ";"4875.00";1
"фара K12E R";"26060-AX700_неориг";" ";"4875.00";1
"фара N15 L 98- мультигал";"26060-2N328_неориг";" ";"4030.00";1
"фара P11 L";"26065-9F125_неориг_корр";" ";"3250.00";1
"фара P11 R";"26015-9F125_неориг_корр";" ";"3250.00";1
"фара R20 L";"B6060-0F000_неориг";" ";"7150.00";1
"фара T30 L";"26075-8H900_неориг";"215-11A4L";"4355.00";1
"фара T30 R";"26025-8H900_неориг";"215-11A4R";"4875.00";1
"фара-стекло J30 L";"26075_стекло_J30";" ";"1625.00";1
"фара-стекло N14 R";"26025_стекло_N14";" ";"1105.00";1
"фара-стекло N15 L";"26075_стекло_N15";" ";"1105.00";2
"фара-стекло N15 R";"26025_стекло_N15";" ";"1105.00";1
"фара-стекло W10 R";"26025_стекло_W10";" ";"1105.00";1
"фильтр АКПП";"31728-41X03";3000;"2080.00";1
"фильтр АКПП";"31728-80X04";" ";"2600.00";1
"фильтр АКПП";"31728-1XF03";3100;"2275.00";1
"фильтр АКПП K11E";"31728-41B00";" ";"2470.00";1
"фильтр вентил сидений";"87383-CS015";" ";"2925.00";2
"фильтр воздушный";"16546-T3401_неориг";" ";"650.00";1
"фильтр воздушный";"16546-88A00_неориг";"16546-77A00_неориг";"585.00";1
"фильтр воздушный";"16546-3J400";750;"975.00";10
"фильтр воздушный";"16546-30P00";850;"520.00";5
"фильтр воздушный";"16546-EB300";850;"910.00";2
"фильтр воздушный";"16546-AR000";" ";"1625.00";2
"фильтр воздушный";"16546-EH000";" ";"1950.00";1
"фильтр воздушный";"16546-9S001";1200;"1365.00";1
"фильтр воздушный";"16546-EJ70A";" ";"1300.00";2
"фильтр воздушный";"16546-JA00B";1200;"1625.00";1
"фильтр воздушный";"16546-1LK0E";"M2  2500";"1755.00";2
"фильтр воздушный";"16546-BC40A_неориг";" ";"650.00";3
"фильтр воздушный";"16546-JK20A_неориг";750;"650.00";2
"фильтр воздушный";"16546-3TA1B_неориг";650;"520.00";1
"фильтр воздушный FA-039";"16546-JD20B_неориг";550;"455.00";3
"фильтр воздушный LCD22";"16546-VK501";" ";"1300.00";2
"фильтр воздушный MR";"16546-JD20B";650;"600.00";15
"фильтр кондиционера";"27891-BM401KE";" ";"1365.00";0
"фильтр кондиционера";"27275-1N625_неориг";" ";"1105.00";1
"фильтр кондиционера";"27274-EA000_неориг";700;"650.00";2
"фильтр кондиционера A32";"27274-6P125";" ";"1950.00";1
"фильтр кондиционера J10";"27277-EN000";600;"1173.00";23
"фильтр кондиционера K12E";"27893-6F600KE";" ";"1495.00";1
"фильтр масла";"15208-H8903";" ";"619.00";0
"фильтр масла";"15208-65F00_неориг";350;"325.00";7
"фильтр масла";"15208-W1194";800;"650.00";4
"фильтр масла";"15208-T9000_неориг";" ";"260.00";1
"фильтр масла";"15209-00Q0A_неориг";350;"650.00";3
"фильтр масла";"15208-AD20A";500;"650.00";3
"фильтр масла";"15208-00Q0N";" ";"650.00";1
"фильтр масла";"15208-H8991";700;"520.00";2
"фильтр масла";"15208-00Q1E";1000;"520.00";1
"фильтр масла";"15208-00Q1E_неориг";650;"455.00";2
"фильтр масла#";"15208-9F60A";" ";"390.00";53
"Фильтр масляный";"15208-00Q0D";600;"520.00";2
"фильтр мсла";"15208-40L02";1250;"845.00";2
"фильтр салона A";"B7277-EG01A";"999M1-VP051";"1625.00";4
"фильтр салона G15RA J11E";"27277-4BU0A";" ";"650.00";1
"фильтр салона K12E";"27891-AX010_неориг";"M3  500";"780.00";3
"фильтр салона K1355";"27277-4BA0A_неориг";"M1 500";"325.00";1
"фильтр салона S51";"B7277-1CA0A_неориг";900;"975.00";2
"фильтр салона S51";"B7277-1CA1A";2500;"1105.00";1
"фильтр салона Y61";"999M1-VP003_неориг";" ";"975.00";1
"Фильтр салонный";"B7891-1FE0A";" ";"1820.00";1
"фильтр топлива";"16400-W1110_неориг";" ";"163.00";1
"фильтр топлива";"16403-59E00_неориг";550;"455.00";2
"фильтр топлива";"16400-41BX0";" ";"845.00";0
"фильтр топлива";"16400-V2600_неориг";" ";"585.00";1
"фильтр топлива";"16400-4M501_неориг";"B61023";"1054.00";1
"фильтр топлива";"16400-4M405";"16400-4M501";"1365.00";2
"фильтр топлива";"16405-01T0A";" ";"2470.00";1
"фильтр топлива";"16400-EC00A";"M1  2400";"2210.00";2
"фильтр топлива";"16400-JD51A";" ";"1950.00";1
"фильтр топлива";"16400-JY00B";3500;"3445.00";1
"фильтр топлива";"16400-2Y505_неориг";" ";"975.00";2
"фильтр топлива";"16400-03J0A";" ";"780.00";1
"фильтр топлива";"16400-LC30A";" ";"2925.00";1
"фильтр топлива";"16400-1BY1D";" ";"5200.00";1
"фонарь A32 L -97";"26555-43U27_неориг";"215-19A3L-A";"3250.00";1
"фонарь A32 R -97";"26550-43U27_неориг";"215-19A3R-A";"3250.00";1
"фонарь D40M";"26550-EB38A_неориг";" ";"4875.00";1
"фонарь J31 R";"26550-JN00A_неориг";" ";"6500.00";1
"фонарь J32 L";"26555-JN00A_неориг";7400;"6500.00";1
"фонарь JA60";"26555-7S625";" ";"16250.00";1
"фонарь N15 на крыле -98 3/5HB лев";"26559-0N028_неориг";" ";"3575.00";1
"фонарь N16 L S внутр";"26555-5M51A_неориг";" ";"1950.00";1
"фонарь N16 R S внутр";"26550-5M529_неориг";" ";"2600.00";1
"фонарь N16E L Hb -0802";"26555-BN026";" ";"9595.00";1
"фонарь P11 R внутр HB 0699-";"26550-9F628";" ";"6500.00";1
"фонарь P11 на крыло 4s бел пра";"26550-2F025_неориг";" ";"3250.00";1
"фонарь P12 HB";"26555-AU21B";" ";"10400.00";1
"фонарь P12 W";"26550-AU40A";-1;"10400.00";1
"фонарь P12E R";"26550-AU30A";7500;"10400.00";1
"фонарь R50";"26554-3W100";" ";"7800.00";1
"фонарь T31";"26559-JG00A_неориг";" ";"5655.00";1
"фонарь Y61 215-19B9L-A";"26555-VB225_неориг";" ";"3900.00";1
"фонарь Y61 после 0704 (3-х цветные)";"26555-VD30A";" ";"8190.00";1
"форсунка";"B8930-15A00";" ";"715.00";2
"форсунка B10RS";"16600-95F0A";" ";"4875.00";4
"форсунка ZD30";"A6600-VG226";" ";"15275.00";2
"форсунка омыв зад";"28970-JG000";" ";"715.00";1
"форсунка омывателя";"28931-9W100";" ";"845.00";2
"форсунка омывателя";"28932-JN21A";" ";"975.00";1
"форсунка омывателя";"28931-4CC0A";750;"650.00";3
"форсунка омывателя B10RS";"27445-95F0A";600;"553.00";4
"форсунка омывателя R51M";"28932-EB300";" ";"1170.00";3
"форсунка омывателя фар";"28642-CM80A";" ";"4550.00";1
"форсунка омывателя фар E11E";"28611-9U00A";" ";"4225.00";1
"форсунка омывателя фар P12 R";"28641-AU300";" ";"2730.00";1
"форсунка омывателя фар лев R51M";"28642-EB300";5500;"6500.00";1
"форсунка омывателя!!струйная";"28931-JG400";"28930-1AA0A";"650.00";1
"цапфа";"40014-95F0B";" ";"7800.00";1
"цапфа";"40015-95F0B";" ";"7800.00";1
"цепь";"13028-53Y10";" ";"1950.00";1
"цепь";"15041-6N215";" ";"1516.00";1
"цепь";"13028-JK20B";" ";"2275.00";1
"цепь";"13028-JK20A";" ";"195.00";1
"цепь";"13028-1KT0A";" ";"6175.00";1
"цилиндр";"44100-01J12";" ";"3705.00";2
"цилиндр";"44100-7F001";" ";"4875.00";1
"цилиндр";"30620-EA00A";" ";"2600.00";1
"цилиндр";"44100-3T010";" ";"1625.00";2
"цилиндр B10RS";"44100-95F0A_неориг";1750;"1300.00";2
"цилиндр B10RS 4845031010";"44100-95F0A";3100;"2405.00";1
"цилиндр E11";"44100-BH00A";" ";"3250.00";1
"цилиндр E24";"44100-05N12_неориг";" ";"1235.00";1
"цилиндр P11E";"44100-3J310";"M 1";"3705.00";1
"цилиндр глав торм";"46010-95F0D";" ";"9750.00";1
"цилиндр сцеп глав";"30610-55S0A";"30610-55S11";"3965.00";1
"цилиндр сцеп глав";"30610-7F00A";" ";"3900.00";1
"цилиндр сцепления";"306A0-JA60C";" ";"5200.00";1
"цилиндр сцепления главный";"30610-5M004";" ";"2925.00";1
"шайба";"11026-61000";" ";"143.00";2
"шайба";"56113-50Y0A";" ";"78.00";1
"шайба солдатика";"44084-95F0A";" ";"98.00";4
"шарнир A32";"48521-0C005";"48521-0C025";"2633.00";1
"шарнир N13/P10E P11 -06.99 48521-4B000";"48521-35A00_неориг";" ";"1040.00";1
"шарнир N14";"48521-50Y00_неориг";" ";"1300.00";2
"шарнир N15";"48521-1M210_неориг";-1;"1548.00";3
"шарнир R20";"28850-0F000";" ";"2015.00";1
"шарнир рулевой";"48521-WA025";" ";"3250.00";1
"шарнир рулевой";"48521-AL500";"-2 в п2";"2600.00";7
"шарнир рулевой C11X";"48521-3U025";" ";"3250.00";2
"шарнир рулевой J32";"D8521-JA00A_неориг";" ";"1040.00";1
"шарнир рулевой JA60";"48521-7S000_неориг";" ";"1105.00";3
"шарнир рулевой K12E JAR929";"48521-9U100_неориг";"-1  под короткий нак";"1170.00";1
"шарнир рулевой M12";"48521-WF500";" ";"3250.00";2
"шарнир рулевой R51M";"48521-EA000";" ";"2340.00";1
"шарнир рулевой S50";"48521-CG025_неориг";" ";"1300.00";1
"шарнир рулевой Z50";"48521-CA025";" ";"3250.00";2
"шарнир рулевой Z50 08.04.-";"48521-CB027";" ";"2600.00";1
"шарнир рулевой Z51";"D8521-1CA0A_неориг";1350;"650.00";2
"шаровая опора A32 NU30";"40160-41U00_неориг";" ";"975.00";2
"шаровая опора C23M";"40160-9C001";" ";"5200.00";1
"шаровая опора J31 T31 J10";"40160-9W200_неориг";1250;"1105.00";3
"шаровая опора N14 N15";"40160-50Y00_неориг";" ";"520.00";1
"шаровая опора R51M зад низ";"40160-EA500_неориг";"XTRW-JBJ744";"1950.00";3
"шаровая опора R51M пер низ зад верх";"40160-EA00A_неориг";" ";"1755.00";2
"шаровая опора R51M перед верх";"40110-EB300_неориг";" ";"1950.00";6
"шаровая опора U11, J30, W10";"40160-85E00";" ";"3510.00";2
"шаровая опора WD21 R20 низ";"40160-93G25";" ";"3380.00";2
"шаровая опора WD21 R20 низ";"40160-50W00_неориг";" ";"1105.00";1
"шатун";"12100-AE01A";" ";"5200.00";3
"шестерня";"13024-31U00";" ";"2925.00";1
"шестерня";"13024-31U11";-1;"1365.00";1
"шестерня";"13021-53J00";" ";"715.00";1
"шкив";"12303-31U1A";" ";"5850.00";1
"шкив 1332141910 самсунг";"12303-95F0A";" ";"4225.00";1
"шланг";"47471-95F0C";" ";"1950.00";1
"шланг гидроусилителя";"49720-9W61A";" ";"14300.00";1
"шланг гидроусилителя";"49721-95F0A";" ";"9750.00";1
"шланг гидроусилителя";"49721-9W60A";" ";"6695.00";1
"шланг тормозной";"46210-JG013";" ";"2600.00";1
"шланг тормозной";"46210JG01B";" ";"2600.00";1
"шланг тормозной";"46210-JD005";" ";"1300.00";2
"шланг тормозной B10RS";"46210-95F0B";" ";"1040.00";1
"шланг тормозной B10RS";"46210-95F0C";" ";"1040.00";2
"шланг тормозной E11E";"46210-9U00A";" ";"1300.00";1
"шланг тормозной E11E";"46210-9U01A";" ";"1300.00";1
"шланг тормозной J31 зад лев";"46210-9Y01B";" ";"1625.00";2
"шланг тормозной J31 зад прав";"46210-9Y010";" ";"1300.00";1
"шланг тормозной J31 пер прав";"46210-9Y020";" ";"1690.00";2
"шланг тормозной R51M лев зад";"46211-ZL80B";" ";"1950.00";1
"шланг тормозной R51M лев перед";"46211-EA500";" ";"1950.00";1
"шланг тормозной R51M прав";"46210-EB03A";" ";"2600.00";1
"шланг тормозной R51M прав зад";"46210-ZL80B";" ";"1300.00";1
"шланг тормозной WD21";"46211-EK40A";" ";"1625.00";2
"шрус";"39211-0M000_неориг";"NS-50";"3575.00";1
"шрус";"39211-BM525_неориг";"NS-N16A42";"4550.00";1
"шрус";"39211-50Y00_неор_Ч";" ";"2145.00";1
"шрус";"39211-BM526_неориг";" ";"3250.00";1
"шрус";"39211-BM580";"21 с АБС";"9100.00";1
"шрус CA33";"39211-2Y070_неориг";"NS-69A44";"3900.00";1
"шрус GLDT 3110";"39211-50A00_неориг";" ";"2925.00";1
"шрус GLDT 3271";"39211-50Y00_неориг";" ";"3250.00";1
"шрус GLDT 3424";"39211-71J25_неориг_ABS";" ";"4225.00";1
"шрус P11 1.6 с АБС";"39211-2F025_неориг_Ч";" ";"1950.00";2
"шрус P11 2.0";"39211-2F225_неориг";" ";"2535.00";1
"шрус V10-005 016-NI120 1.6";"39211-60Y10_неориг_Ч";" ";"2275.00";2
"шрус с кольцом";"39211-31U10_неор_Ч";" ";"3900.00";1
"штуцер";"41128-AW70A";" ";"390.00";6
"Щетка стеклоочистителя 400mm";"28890-1AA1B";" ";"1495.00";2
"щуп";"11140-95F0A";" ";"845.00";1
"эмблема";"62890-EM30A";1000;"1300.00";1
"эмблема P12 R";"84890-AU300";" ";"2275.00";1
"Эмблема задняя";"90890-EM30A";" ";"975.00";1
"эмблема решетки";"62890-BR12A";" ";"2600.00";1
